Time,X,Y,DoseRate_mSv_h,Accumulated_TID_uSv
1788699470.351,0.086,0.022,256.589,7.117
1788699470.451,0.091,0.022,256.589,14.243
1788699470.553,0.103,0.021,255.297,21.423
1788699470.652,0.112,0.021,255.297,28.496
1788699470.752,0.131,0.021,255.297,35.531
1788699470.851,0.146,0.022,255.297,42.611
1788699470.951,0.161,0.023,254.025,49.661
1788699471.051,0.176,0.025,254.025,56.728
1788699471.152,0.189,0.027,254.025,63.800
1788699471.252,0.198,0.029,254.025,70.883
1788699471.352,0.219,0.033,252.774,77.873
1788699471.452,0.238,0.038,252.774,84.933
1788699471.552,0.257,0.043,251.545,91.904
1788699471.652,0.275,0.049,251.545,98.869
1788699471.753,0.292,0.055,251.881,105.993
1788699471.851,0.304,0.059,250.763,112.814
1788699471.952,0.321,0.067,250.763,119.809
1788699472.051,0.346,0.078,250.763,126.742
1788699472.152,0.368,0.089,249.677,133.703
1788699472.252,0.398,0.106,250.250,140.668
1788699472.352,0.413,0.115,249.300,147.569
1788699472.452,0.441,0.133,249.300,154.550
1788699472.555,0.462,0.147,248.389,161.630
1788699472.652,0.481,0.161,249.258,168.336
1788699472.751,0.493,0.170,249.258,175.224
1788699472.852,0.518,0.190,248.513,182.161
1788699472.951,0.535,0.204,249.604,189.063
1788699473.051,0.551,0.217,249.050,195.992
1788699473.151,0.576,0.239,249.050,202.902
1788699473.251,0.591,0.255,250.398,209.863
1788699473.351,0.608,0.270,250.065,216.808
1788699473.451,0.629,0.292,250.065,223.755
1788699473.551,0.645,0.308,251.712,230.738
1788699473.652,0.656,0.319,251.631,237.753
1788699473.751,0.671,0.336,251.631,244.718
1788699473.851,0.687,0.353,253.625,251.770
1788699473.951,0.704,0.371,253.832,258.816
1788699474.052,0.724,0.393,253.832,265.888
1788699474.151,0.740,0.410,256.230,272.996
1788699474.251,0.756,0.428,256.769,280.115
1788699474.353,0.772,0.447,256.769,287.365
1788699474.453,0.789,0.465,259.637,294.549
1788699474.552,0.805,0.484,260.554,301.712
1788699474.652,0.820,0.503,263.971,309.076
1788699474.751,0.834,0.520,263.971,316.373
1788699474.852,0.849,0.538,263.971,323.747
1788699474.952,0.863,0.556,269.381,331.191
1788699475.051,0.878,0.575,269.381,338.659
1788699475.151,0.894,0.594,269.381,346.150
1788699475.252,0.910,0.613,276.039,353.844
1788699475.352,0.926,0.632,276.039,361.510
1788699475.452,0.940,0.649,276.039,369.164
1788699475.551,0.951,0.662,284.150,377.038
1788699475.651,0.963,0.677,284.150,384.943
1788699475.751,0.977,0.692,284.150,392.838
1788699475.852,0.993,0.708,290.280,400.908
1788699475.952,1.008,0.726,293.955,409.067
1788699476.053,1.024,0.744,293.955,417.395
1788699476.152,1.046,0.767,301.207,425.610
1788699476.251,1.063,0.785,305.739,434.078
1788699476.351,1.080,0.803,314.317,442.808
1788699476.452,1.096,0.821,314.317,451.628
1788699476.551,1.111,0.836,319.841,460.421
1788699476.653,1.125,0.850,329.992,469.697
1788699476.752,1.139,0.865,329.992,478.784
1788699476.851,1.153,0.879,336.659,488.105
1788699476.952,1.166,0.892,336.659,497.501
1788699477.052,1.183,0.909,348.683,507.157
1788699477.152,1.197,0.923,348.683,516.842
1788699477.253,1.215,0.939,356.670,526.880
1788699477.351,1.238,0.962,370.928,537.022
1788699477.451,1.255,0.978,380.434,547.608
1788699477.551,1.267,0.989,380.434,558.177
1788699477.651,1.284,1.006,397.364,569.207
1788699477.752,1.301,1.021,408.613,580.674
1788699477.851,1.317,1.037,408.613,591.901
1788699477.951,1.340,1.059,428.747,603.819
1788699478.053,1.358,1.076,441.985,616.296
1788699478.151,1.376,1.092,441.985,628.366
1788699478.251,1.392,1.108,465.967,641.316
1788699478.351,1.409,1.125,481.452,654.679
1788699478.452,1.426,1.142,481.452,668.127
1788699478.552,1.444,1.161,510.061,682.254
1788699478.651,1.461,1.180,528.048,696.909
1788699478.752,1.477,1.198,528.048,711.599
1788699478.853,1.492,1.217,562.221,727.372
1788699478.952,1.509,1.238,582.934,743.406
1788699479.051,1.521,1.256,623.790,760.679
1788699479.151,1.534,1.275,623.790,778.001
1788699479.255,1.545,1.293,623.790,796.025
1788699479.351,1.556,1.310,696.229,814.597
1788699479.452,1.567,1.329,696.229,834.158
1788699479.552,1.579,1.350,748.774,854.750
1788699479.652,1.591,1.372,748.774,875.572
1788699479.751,1.600,1.394,781.041,897.204
1788699479.851,1.611,1.415,843.727,920.647
1788699479.951,1.626,1.445,843.727,944.071
1788699480.052,1.637,1.467,910.398,969.417
1788699480.151,1.647,1.490,910.398,994.671
1788699480.251,1.658,1.513,1033.138,1023.377
1788699480.351,1.668,1.536,1033.138,1052.101
1788699480.452,1.678,1.556,1115.631,1083.193
1788699480.551,1.691,1.584,1115.631,1114.012
1788699480.652,1.702,1.606,1270.318,1149.615
1788699480.752,1.712,1.628,1270.318,1184.682
1788699480.851,1.723,1.650,1368.112,1222.609
1788699480.952,1.734,1.673,1368.112,1261.022
1788699481.051,1.747,1.701,1466.229,1301.318
1788699481.154,1.757,1.722,1554.965,1345.491
1788699481.252,1.767,1.742,1554.965,1387.773
1788699481.351,1.782,1.770,1663.229,1433.865
1788699481.453,1.792,1.790,1663.229,1480.627
1788699481.552,1.802,1.808,1874.389,1532.518
1788699481.653,1.809,1.821,1874.389,1585.248
1788699481.753,1.819,1.841,1874.389,1636.875
1788699481.851,1.832,1.864,1982.324,1691.257
1788699481.951,1.842,1.883,1982.324,1746.311
1788699482.053,1.854,1.902,2198.207,1808.515
1788699482.151,1.869,1.931,2198.207,1868.532
1788699482.252,1.880,1.953,2279.691,1932.011
1788699482.351,1.892,1.976,2279.691,1995.123
1788699482.452,1.903,1.998,2402.589,2062.103
1788699482.552,1.914,2.020,2430.847,2129.538
1788699482.652,1.922,2.037,2430.847,2197.186
1788699482.751,1.928,2.049,2430.847,2264.471
1788699482.851,1.941,2.076,2337.652,2329.388
1788699482.951,1.952,2.099,2478.802,2398.169
1788699483.052,1.963,2.122,2400.269,2465.038
1788699483.152,1.974,2.146,2400.269,2532.234
1788699483.251,1.983,2.168,2293.715,2595.347
1788699483.351,1.992,2.189,2293.715,2659.001
1788699483.452,2.004,2.219,2172.845,2719.950
1788699483.552,2.012,2.241,2172.845,2779.964
1788699483.652,2.020,2.263,2029.539,2836.474
1788699483.752,2.026,2.284,2029.539,2892.560
1788699483.852,2.032,2.304,1886.175,2945.083
1788699483.951,2.039,2.328,1886.175,2997.225
1788699484.051,2.042,2.339,1886.175,3049.731
1788699484.151,2.048,2.361,1745.612,3098.157
1788699484.251,2.052,2.378,1691.149,3145.154
1788699484.351,2.057,2.396,1691.149,3192.105
1788699484.453,2.062,2.423,1559.872,3236.283
1788699484.552,2.065,2.436,1559.872,3278.853
1788699484.653,2.067,2.455,1435.481,3319.192
1788699484.752,2.071,2.480,1435.481,3358.636
1788699484.852,2.073,2.500,1319.025,3395.228
1788699484.951,2.075,2.521,1319.025,3431.809
1788699485.051,2.078,2.543,1319.025,3468.458
1788699485.151,2.080,2.565,1211.083,3502.076
1788699485.251,2.083,2.588,1211.083,3535.703
1788699485.351,2.087,2.617,1111.853,3566.645
1788699485.452,2.090,2.638,1111.853,3597.670
1788699485.552,2.094,2.659,1021.242,3625.992
1788699485.652,2.097,2.681,1021.242,3654.563
1788699485.751,2.101,2.702,904.618,3679.392
1788699485.852,2.105,2.724,904.618,3704.642
1788699485.952,2.112,2.755,834.248,3727.767
1788699486.052,2.117,2.778,834.248,3750.989
1788699486.151,2.124,2.807,770.782,3772.345
1788699486.252,2.129,2.829,770.782,3793.811
1788699486.352,2.133,2.844,770.782,3815.217
1788699486.451,2.138,2.865,713.680,3834.986
1788699486.551,2.143,2.884,713.680,3854.799
1788699486.653,2.147,2.901,662.392,3873.408
1788699486.752,2.151,2.917,639.568,3890.993
1788699486.851,2.155,2.931,639.568,3908.730
1788699486.952,2.162,2.951,596.348,3925.333
1788699487.053,2.166,2.966,596.348,3942.181
1788699487.151,2.171,2.984,596.348,3958.436
1788699487.251,2.176,3.005,557.565,3973.913
1788699487.351,2.182,3.026,557.565,3989.417
1788699487.453,2.187,3.046,557.565,4005.096
1788699487.551,2.193,3.067,522.776,4019.413
1788699487.651,2.199,3.090,522.776,4033.958
1788699487.752,2.206,3.114,477.395,4047.240
1788699487.853,2.215,3.142,477.395,4060.644
1788699487.953,2.222,3.162,451.141,4073.197
1788699488.051,2.230,3.182,451.141,4085.535
1788699488.152,2.238,3.202,427.555,4097.543
1788699488.252,2.246,3.222,427.555,4109.319
1788699488.352,2.255,3.242,416.471,4120.975
1788699488.451,2.268,3.270,396.623,4131.902
1788699488.551,2.275,3.283,396.623,4142.902
1788699488.652,2.286,3.302,378.756,4153.447
1788699488.753,2.298,3.322,378.756,4164.104
1788699488.852,2.314,3.347,370.262,4174.285
1788699488.951,2.326,3.364,355.203,4184.106
1788699489.054,2.343,3.386,355.203,4194.193
1788699489.151,2.354,3.399,347.908,4203.636
1788699489.252,2.366,3.412,335.210,4212.989
1788699489.351,2.380,3.425,335.210,4222.263
1788699489.451,2.400,3.444,335.210,4231.581
1788699489.552,2.417,3.459,318.303,4240.459
1788699489.653,2.435,3.475,318.303,4249.439
1788699489.752,2.447,3.484,318.303,4258.119
1788699489.852,2.464,3.497,313.105,4266.893
1788699489.951,2.489,3.514,304.050,4275.249
1788699490.052,2.513,3.529,299.727,4283.593
1788699490.152,2.533,3.540,299.727,4291.931
1788699490.252,2.554,3.551,288.507,4299.926
1788699490.351,2.574,3.561,288.507,4307.925
1788699490.451,2.589,3.568,288.507,4315.945
1788699490.551,2.609,3.577,285.164,4323.858
1788699490.652,2.634,3.588,285.164,4331.818
1788699490.751,2.655,3.596,282.036,4339.619
1788699490.851,2.678,3.604,276.414,4347.300
1788699490.952,2.700,3.611,273.888,4354.951
1788699491.051,2.728,3.618,273.888,4362.514
1788699491.152,2.746,3.622,273.888,4370.201
1788699491.251,2.763,3.626,271.539,4377.660
1788699491.351,2.786,3.631,271.539,4385.209
1788699491.451,2.804,3.634,269.354,4392.688
1788699491.552,2.824,3.637,269.354,4400.254
1788699491.652,2.846,3.640,269.354,4407.695
1788699491.751,2.870,3.643,267.323,4415.073
1788699491.852,2.894,3.645,267.323,4422.582
1788699491.951,2.919,3.647,265.433,4429.872
1788699492.052,2.951,3.649,263.674,4437.267
1788699492.151,2.974,3.651,260.474,4444.434
1788699492.251,2.998,3.652,260.474,4451.674
1788699492.353,3.023,3.649,262.034,4459.042
1788699492.452,3.047,3.650,262.034,4466.255
1788699492.551,3.073,3.650,257.838,4473.400
1788699492.651,3.098,3.651,257.838,4480.556
1788699492.751,3.122,3.651,256.662,4487.692
1788699492.851,3.147,3.651,256.662,4494.823
1788699492.952,3.180,3.652,255.572,4501.947
1788699493.052,3.206,3.651,254.561,4508.996
1788699493.151,3.230,3.651,254.561,4516.065
1788699493.252,3.254,3.651,253.624,4523.173
1788699493.351,3.286,3.651,253.624,4530.143
1788699493.451,3.308,3.651,252.757,4537.168
1788699493.551,3.336,3.652,252.757,4544.186
1788699493.655,3.357,3.653,251.957,4551.418
1788699493.751,3.371,3.653,251.957,4558.195
1788699493.853,3.401,3.654,251.219,4565.256
1788699493.952,3.424,3.657,251.219,4572.155
1788699494.051,3.448,3.658,251.219,4579.118
1788699494.151,3.472,3.660,250.540,4586.084
1788699494.254,3.497,3.661,250.540,4593.214
1788699494.352,3.522,3.662,249.919,4599.996
1788699494.452,3.547,3.664,249.919,4606.955
1788699494.551,3.564,3.664,249.352,4613.860
1788699494.651,3.588,3.665,249.352,4620.768
1788699494.752,3.621,3.667,248.837,4627.710
1788699494.851,3.645,3.668,248.837,4634.605
1788699494.952,3.668,3.670,248.371,4641.513
1788699495.051,3.693,3.671,248.371,4648.402
1788699495.152,3.718,3.673,247.951,4655.307
1788699495.251,3.743,3.675,247.951,4662.176
1788699495.354,3.765,3.676,247.576,4669.203
1788699495.452,3.787,3.678,247.576,4675.953
1788699495.553,3.810,3.680,247.242,4682.905
1788699495.651,3.834,3.682,247.242,4689.672
1788699495.751,3.867,3.685,246.946,4696.533
1788699495.852,3.891,3.689,246.946,4703.446
1788699495.952,3.916,3.693,246.686,4710.274
1788699496.052,3.949,3.698,246.686,4717.110
1788699496.154,3.972,3.703,246.792,4724.132
1788699496.251,3.993,3.707,246.792,4730.797
1788699496.353,4.016,3.712,246.674,4737.758
1788699496.451,4.048,3.722,246.674,4744.500
1788699496.552,4.065,3.727,246.577,4751.363
1788699496.652,4.089,3.734,246.577,4758.225
1788699496.752,4.112,3.742,246.498,4765.067
1788699496.852,4.134,3.749,246.498,4771.913
1788699496.952,4.166,3.759,247.031,4778.791
1788699497.052,4.190,3.768,247.031,4785.657
1788699497.151,4.220,3.776,247.036,4792.492
1788699497.252,4.242,3.784,247.036,4799.367
1788699497.351,4.262,3.791,247.048,4806.208
1788699497.452,4.290,3.801,247.726,4813.108
1788699497.553,4.308,3.808,247.788,4820.058
1788699497.651,4.326,3.815,247.788,4826.857
1788699497.752,4.346,3.822,247.788,4833.764
1788699497.851,4.366,3.830,247.848,4840.629
1788699497.952,4.395,3.842,247.848,4847.523
1788699498.051,4.426,3.855,248.681,4854.417
1788699498.151,4.449,3.866,248.681,4861.324
1788699498.252,4.472,3.876,248.767,4868.251
1788699498.352,4.494,3.886,248.767,4875.173
1788699498.452,4.515,3.896,248.843,4882.070
1788699498.552,4.527,3.902,249.657,4889.031
1788699498.652,4.551,3.913,249.751,4895.942
1788699498.752,4.573,3.923,249.751,4902.889
1788699498.851,4.588,3.930,249.751,4909.808
1788699498.951,4.617,3.943,249.829,4916.749
1788699499.051,4.640,3.952,250.668,4923.707
1788699499.153,4.670,3.965,250.754,4930.759
1788699499.252,4.701,3.978,250.820,4937.655
1788699499.352,4.722,3.987,250.820,4944.618
1788699499.452,4.745,3.996,250.820,4951.631
1788699499.551,4.767,4.006,251.740,4958.572
1788699499.651,4.793,4.016,251.740,4965.552
1788699499.751,4.808,4.023,251.783,4972.557
1788699499.852,4.823,4.029,251.783,4979.562
1788699499.952,4.838,4.036,251.783,4986.559
1788699500.051,4.855,4.044,251.801,4993.524
1788699500.152,4.882,4.055,252.679,5000.591
1788699500.251,4.903,4.064,252.689,5007.568
1788699500.353,4.922,4.073,252.689,5014.699
1788699500.451,4.946,4.084,252.689,5021.619
1788699500.551,4.965,4.094,252.672,5028.628
1788699500.651,4.983,4.102,253.546,5035.678
1788699500.752,5.001,4.111,253.517,5042.782
1788699500.851,5.021,4.121,253.517,5049.756
1788699500.952,5.047,4.134,253.517,5056.810
1788699501.051,5.067,4.141,253.458,5063.840
1788699501.152,5.089,4.152,254.323,5070.915
1788699501.251,5.118,4.167,254.248,5077.970
1788699501.352,5.139,4.178,254.248,5085.063
1788699501.451,5.159,4.188,254.142,5092.091
1788699501.552,5.185,4.202,254.995,5099.182
1788699501.651,5.205,4.213,254.870,5106.254
1788699501.751,5.227,4.225,254.870,5113.336
1788699501.852,5.255,4.240,254.712,5120.427
1788699501.952,5.275,4.251,255.550,5127.536
1788699502.052,5.297,4.263,255.550,5134.620
1788699502.152,5.316,4.274,255.372,5141.737
1788699502.251,5.335,4.284,255.372,5148.788
1788699502.352,5.355,4.294,255.161,5155.939
1788699502.452,5.376,4.305,255.982,5163.018
1788699502.552,5.397,4.315,255.982,5170.117
1788699502.652,5.425,4.328,255.749,5177.214
1788699502.753,5.446,4.338,255.749,5184.398
1788699502.851,5.466,4.346,255.483,5191.407
1788699502.951,5.485,4.354,256.286,5198.532
1788699503.052,5.502,4.362,255.998,5205.657
1788699503.151,5.525,4.371,255.998,5212.740
1788699503.252,5.547,4.380,255.998,5219.891
1788699503.351,5.566,4.387,255.676,5226.962
1788699503.452,5.585,4.395,255.676,5234.072
1788699503.552,5.605,4.402,256.118,5241.209
1788699503.652,5.624,4.410,256.118,5248.337
1788699503.752,5.645,4.418,256.118,5255.428
1788699503.853,5.674,4.429,255.741,5262.596
1788699503.951,5.696,4.438,255.741,5269.611
1788699504.052,5.724,4.449,255.333,5276.725
1788699504.151,5.743,4.455,256.111,5283.824
1788699504.252,5.760,4.462,255.682,5290.947
1788699504.351,5.778,4.468,255.682,5298.027
1788699504.451,5.795,4.474,255.682,5305.121
1788699504.552,5.812,4.480,255.222,5312.226
1788699504.651,5.830,4.486,255.222,5319.315
1788699504.752,5.847,4.491,255.222,5326.415
1788699504.853,5.862,4.496,254.730,5333.606
1788699504.952,5.886,4.502,255.504,5340.590
1788699505.052,5.907,4.508,254.995,5347.686
1788699505.151,5.929,4.516,254.995,5354.731
1788699505.253,5.950,4.523,254.457,5361.934
1788699505.352,5.969,4.529,254.457,5368.889
1788699505.451,5.997,4.539,254.457,5375.935
1788699505.551,6.017,4.546,253.890,5382.996
1788699505.652,6.038,4.554,254.663,5390.108
1788699505.751,6.060,4.562,254.082,5397.128
1788699505.852,6.089,4.573,254.082,5404.199
1788699505.951,6.108,4.580,253.474,5411.223
1788699506.052,6.128,4.588,253.474,5418.280
1788699506.152,6.147,4.596,253.474,5425.377
1788699506.252,6.174,4.608,253.620,5432.365
1788699506.352,6.195,4.618,253.620,5439.473
1788699506.452,6.217,4.629,252.976,5446.476
1788699506.551,6.239,4.640,252.976,5453.446
1788699506.652,6.260,4.652,253.088,5460.511
1788699506.752,6.281,4.665,253.088,5467.528
1788699506.852,6.300,4.676,252.416,5474.549
1788699506.952,6.318,4.687,252.416,5481.544
1788699507.052,6.335,4.698,252.416,5488.562
1788699507.151,6.357,4.713,252.505,5495.563
1788699507.251,6.372,4.721,252.505,5502.573
1788699507.353,6.386,4.731,252.505,5509.693
1788699507.453,6.407,4.746,251.812,5516.685
1788699507.552,6.422,4.757,252.585,5523.639
1788699507.651,6.434,4.766,252.585,5530.611
1788699507.751,6.452,4.780,251.895,5537.610
1788699507.851,6.477,4.800,252.662,5544.634
1788699507.952,6.495,4.815,252.662,5551.675
1788699508.053,6.507,4.835,251.980,5558.754
1788699508.151,6.523,4.850,252.745,5565.675
1788699508.251,6.535,4.861,252.745,5572.685
1788699508.352,6.547,4.872,252.745,5579.761
1788699508.451,6.557,4.882,252.075,5586.709
1788699508.551,6.568,4.893,252.075,5593.709
1788699508.652,6.582,4.907,252.843,5600.807
1788699508.752,6.589,4.914,252.843,5607.806
1788699508.852,6.603,4.928,252.190,5614.781
1788699508.952,6.614,4.939,252.190,5621.791
1788699509.052,6.628,4.954,252.965,5628.861
1788699509.154,6.639,4.966,252.965,5636.002
1788699509.253,6.651,4.978,252.334,5642.938
1788699509.351,6.663,4.990,252.334,5649.841
1788699509.452,6.675,5.003,253.122,5656.909
1788699509.552,6.687,5.015,253.122,5663.915
1788699509.651,6.704,5.027,252.520,5670.923
1788699509.752,6.716,5.040,252.520,5677.946
1788699509.854,6.726,5.050,253.326,5685.185
1788699509.952,6.740,5.064,253.326,5692.046
1788699510.052,6.755,5.081,252.759,5699.046
1788699510.151,6.770,5.097,252.759,5706.051
1788699510.252,6.787,5.116,253.590,5713.118
1788699510.351,6.799,5.132,253.590,5720.145
1788699510.452,6.810,5.145,253.066,5727.183
1788699510.552,6.820,5.157,253.929,5734.245
1788699510.652,6.828,5.168,253.929,5741.298
1788699510.753,6.844,5.190,253.929,5748.420
1788699510.852,6.851,5.200,253.456,5755.398
1788699510.951,6.863,5.218,254.358,5762.434
1788699511.052,6.872,5.232,254.358,5769.524
1788699511.153,6.880,5.248,254.358,5776.681
1788699511.251,6.893,5.271,255.257,5783.644
1788699511.352,6.903,5.288,254.896,5790.764
1788699511.453,6.911,5.304,255.847,5797.924
1788699511.552,6.918,5.317,255.847,5804.973
1788699511.651,6.926,5.332,255.847,5812.054
1788699511.752,6.932,5.345,255.847,5819.206
1788699511.854,6.940,5.362,256.801,5826.479
1788699511.952,6.951,5.385,256.574,5833.491
1788699512.052,6.958,5.402,257.595,5840.594
1788699512.151,6.966,5.421,257.595,5847.740
1788699512.252,6.975,5.443,257.595,5854.904
1788699512.351,6.987,5.470,258.624,5862.058
1788699512.452,6.994,5.485,258.624,5869.280
1788699512.552,7.003,5.506,259.674,5876.491
1788699512.652,7.012,5.526,259.674,5883.706
1788699512.752,7.022,5.546,259.674,5890.947
1788699512.852,7.031,5.567,260.803,5898.166
1788699512.952,7.041,5.586,260.803,5905.414
1788699513.052,7.051,5.606,262.165,5912.709
1788699513.152,7.063,5.631,262.165,5919.979
1788699513.252,7.070,5.646,262.165,5927.296
1788699513.351,7.077,5.660,263.423,5934.559
1788699513.452,7.089,5.685,263.423,5941.890
1788699513.551,7.098,5.706,264.708,5949.216
1788699513.652,7.109,5.732,265.164,5956.611
1788699513.754,7.116,5.749,265.164,5964.131
1788699513.851,7.125,5.769,266.581,5971.353
1788699513.953,7.129,5.780,266.581,5978.857
1788699514.051,7.134,5.792,266.581,5986.170
1788699514.152,7.139,5.805,268.035,5993.639
1788699514.252,7.146,5.820,268.035,6001.095
1788699514.352,7.156,5.846,268.779,6008.573
1788699514.451,7.164,5.867,270.390,6016.042
1788699514.551,7.171,5.887,270.390,6023.551
1788699514.652,7.178,5.908,272.048,6031.133
1788699514.752,7.185,5.930,272.048,6038.699
1788699514.852,7.192,5.952,273.756,6046.290
1788699514.951,7.198,5.971,273.756,6053.875
1788699515.052,7.206,5.999,274.977,6061.520
1788699515.151,7.211,6.015,276.880,6069.196
1788699515.252,7.216,6.036,276.880,6076.959
1788699515.352,7.223,6.057,278.844,6084.668
1788699515.453,7.229,6.079,278.844,6092.471
1788699515.552,7.236,6.101,280.871,6100.216
1788699515.651,7.243,6.124,280.871,6107.982
1788699515.752,7.249,6.146,280.871,6115.799
1788699515.851,7.255,6.166,284.946,6123.707
1788699515.952,7.263,6.192,284.946,6131.645
1788699516.052,7.268,6.211,287.285,6139.616
1788699516.151,7.274,6.230,287.285,6147.568
1788699516.252,7.282,6.254,289.699,6155.650
1788699516.351,7.286,6.265,289.699,6163.661
1788699516.452,7.292,6.282,289.699,6171.736
1788699516.552,7.296,6.295,289.699,6179.784
1788699516.652,7.302,6.313,294.933,6187.968
1788699516.751,7.307,6.326,294.933,6196.137
1788699516.851,7.311,6.340,294.933,6204.345
1788699516.952,7.316,6.355,297.719,6212.695
1788699517.052,7.325,6.379,297.719,6220.927
1788699517.152,7.332,6.396,297.719,6229.229
1788699517.251,7.339,6.413,300.586,6237.495
1788699517.353,7.346,6.433,300.586,6245.942
1788699517.451,7.359,6.463,307.215,6254.386
1788699517.552,7.368,6.486,307.215,6262.936
1788699517.652,7.377,6.512,310.509,6271.555
1788699517.751,7.386,6.538,310.509,6280.160
1788699517.852,7.398,6.566,313.885,6288.895
1788699517.951,7.406,6.585,318.399,6297.716
1788699518.051,7.413,6.602,322.162,6306.678
1788699518.152,7.420,6.621,322.162,6315.667
1788699518.251,7.426,6.636,322.162,6324.578
1788699518.351,7.434,6.650,322.162,6333.514
1788699518.451,7.440,6.667,326.004,6342.576
1788699518.552,7.447,6.685,326.004,6351.679
1788699518.652,7.454,6.703,335.760,6361.002
1788699518.751,7.461,6.722,335.760,6370.280
1788699518.853,7.467,6.741,335.760,6379.731
1788699518.952,7.475,6.762,340.094,6389.072
1788699519.052,7.483,6.784,340.094,6398.540
1788699519.151,7.491,6.802,344.477,6408.065
1788699519.252,7.500,6.828,351.511,6417.869
1788699519.352,7.506,6.844,351.511,6427.700
1788699519.452,7.513,6.862,356.345,6437.553
1788699519.551,7.520,6.881,356.345,6447.396
1788699519.655,7.528,6.899,356.345,6457.607
1788699519.751,7.533,6.912,361.195,6467.335
1788699519.852,7.546,6.941,361.195,6477.379
1788699519.952,7.555,6.953,374.919,6487.817
1788699520.052,7.566,6.975,374.919,6498.223
1788699520.152,7.577,6.996,374.919,6508.624
1788699520.251,7.592,7.023,380.191,6519.157
1788699520.351,7.600,7.037,380.191,6529.721
1788699520.451,7.612,7.058,395.916,6540.717
1788699520.552,7.620,7.071,395.916,6551.761
1788699520.652,7.631,7.088,395.916,6562.730
1788699520.752,7.646,7.112,401.516,6573.887
1788699520.852,7.660,7.135,413.334,6585.372
1788699520.951,7.680,7.165,419.342,6597.006
1788699521.052,7.693,7.181,419.342,6608.680
1788699521.152,7.705,7.195,432.582,6620.684
1788699521.252,7.715,7.206,438.983,6632.916
1788699521.351,7.733,7.224,438.983,6645.048
1788699521.451,7.747,7.238,438.983,6657.256
1788699521.552,7.764,7.253,460.560,6670.068
1788699521.652,7.782,7.268,460.560,6682.877
1788699521.752,7.800,7.282,477.107,6696.136
1788699521.852,7.824,7.298,477.107,6709.363
1788699521.952,7.836,7.305,484.189,6722.922
1788699522.052,7.857,7.317,502.649,6736.763
1788699522.152,7.874,7.326,502.649,6750.744
1788699522.252,7.899,7.338,502.649,6764.820
1788699522.352,7.918,7.345,522.355,6779.208
1788699522.452,7.935,7.351,530.539,6793.948
1788699522.552,7.953,7.358,552.497,6809.317
1788699522.651,7.972,7.363,552.497,6824.601
1788699522.752,7.990,7.368,552.497,6840.037
1788699522.852,8.009,7.373,575.933,6855.973
1788699522.952,8.028,7.377,575.933,6872.001
1788699523.052,8.049,7.381,575.933,6887.967
1788699523.152,8.067,7.381,600.929,6904.658
1788699523.252,8.095,7.384,600.929,6921.388
1788699523.352,8.119,7.386,627.567,6938.893
1788699523.451,8.143,7.387,627.567,6956.178
1788699523.552,8.163,7.388,655.936,6974.423
1788699523.653,8.179,7.387,655.936,6992.864
1788699523.752,8.196,7.387,655.936,7010.868
1788699523.852,8.214,7.386,686.120,7029.949
1788699523.952,8.242,7.384,686.120,7048.993
1788699524.051,8.261,7.381,718.209,7068.903
1788699524.153,8.288,7.378,718.209,7089.114
1788699524.252,8.310,7.374,752.291,7109.817
1788699524.351,8.332,7.369,752.291,7130.633
1788699524.452,8.354,7.364,788.455,7152.641
1788699524.552,8.386,7.356,788.455,7174.662
1788699524.651,8.401,7.352,826.788,7197.386
1788699524.752,8.420,7.345,804.450,7219.776
1788699524.851,8.438,7.338,804.450,7242.109
1788699524.952,8.458,7.329,842.898,7265.536
1788699525.053,8.476,7.324,842.898,7289.237
1788699525.152,8.495,7.320,842.898,7312.382
1788699525.252,8.522,7.314,883.525,7337.047
1788699525.351,8.540,7.310,883.525,7361.406
1788699525.451,8.564,7.311,926.407,7387.154
1788699525.551,8.585,7.307,926.407,7412.841
1788699525.651,8.600,7.304,926.407,7438.611
1788699525.753,8.627,7.299,939.511,7465.031
1788699525.851,8.640,7.296,939.511,7490.790
1788699525.952,8.661,7.292,984.422,7518.353
1788699526.051,8.678,7.290,984.422,7545.508
1788699526.152,8.705,7.286,1031.637,7574.354
1788699526.252,8.727,7.283,1031.637,7602.857
1788699526.351,8.748,7.280,1031.637,7631.475
1788699526.451,8.770,7.278,1081.218,7661.493
1788699526.551,8.793,7.275,1081.218,7691.521
1788699526.651,8.817,7.273,1133.219,7723.020
1788699526.752,8.841,7.271,1133.219,7754.721
1788699526.852,8.864,7.269,1187.689,7787.532
1788699526.951,8.889,7.267,1187.689,7820.501
1788699527.051,8.921,7.264,1244.665,7855.017
1788699527.153,8.946,7.263,1244.665,7890.029
1788699527.252,8.979,7.261,1304.173,7926.020
1788699527.351,8.996,7.261,1304.173,7962.052
1788699527.451,9.019,7.260,1366.218,8000.022
1788699527.552,9.041,7.259,1366.218,8038.199
1788699527.651,9.063,7.258,1430.776,8077.672
1788699527.752,9.086,7.257,1430.776,8117.545
1788699527.851,9.109,7.256,1497.782,8158.984
1788699527.951,9.138,7.255,1497.782,8200.640
1788699528.052,9.158,7.254,1567.110,8244.295
1788699528.153,9.184,7.253,1567.110,8288.260
1788699528.252,9.199,7.252,1567.110,8331.405
1788699528.352,9.227,7.250,1564.334,8375.114
1788699528.451,9.247,7.248,1564.334,8418.134
1788699528.552,9.262,7.247,1632.389,8463.810
1788699528.652,9.285,7.241,1632.389,8508.890
1788699528.752,9.307,7.240,1701.272,8556.179
1788699528.852,9.338,7.238,1701.272,8603.557
1788699528.951,9.361,7.237,1770.214,8652.541
1788699529.051,9.385,7.236,1770.214,8701.615
1788699529.152,9.408,7.235,1838.196,8752.896
1788699529.252,9.430,7.235,1838.196,8803.864
1788699529.352,9.451,7.234,1903.912,8856.809
1788699529.451,9.481,7.232,1903.912,8909.587
1788699529.552,9.505,7.232,1965.768,8964.659
1788699529.651,9.529,7.232,1965.768,9018.702
1788699529.752,9.554,7.232,2021.916,9075.541
1788699529.857,9.578,7.233,2021.916,9134.026
1788699529.951,9.601,7.235,2070.344,9188.548
1788699530.053,9.624,7.237,2070.344,9247.162
1788699530.152,9.656,7.240,2109.052,9304.766
1788699530.252,9.681,7.248,2109.052,9363.265
1788699530.351,9.705,7.251,2281.458,9426.552
1788699530.452,9.728,7.255,2281.458,9490.093
1788699530.551,9.759,7.261,2302.071,9553.862
1788699530.652,9.782,7.265,2302.071,9618.515
1788699530.752,9.796,7.269,2302.071,9682.173
1788699530.853,9.825,7.275,2307.937,9746.721
1788699530.951,9.848,7.282,2307.937,9809.929
1788699531.051,9.878,7.291,2299.512,9873.813
1788699531.152,9.900,7.298,2278.636,9937.821
1788699531.252,9.922,7.306,2446.815,10005.258
1788699531.351,9.944,7.315,2446.815,10073.061
1788699531.451,9.972,7.326,2415.662,10140.198
1788699531.551,9.993,7.334,2415.662,10207.208
1788699531.653,10.015,7.344,2377.879,10274.406
1788699531.751,10.038,7.354,2553.450,10344.155
1788699531.853,10.059,7.366,2511.621,10414.944
1788699531.952,10.084,7.380,2511.621,10483.770
1788699532.051,10.105,7.390,2473.019,10552.344
1788699532.155,10.135,7.403,2655.156,10628.740
1788699532.252,10.158,7.413,2623.135,10699.124
1788699532.353,10.181,7.423,2623.135,10772.751
1788699532.452,10.209,7.435,2600.369,10844.445
1788699532.551,10.229,7.442,2600.369,10916.328
1788699532.651,10.251,7.449,2585.351,10988.245
1788699532.752,10.272,7.457,2781.679,11066.206
1788699532.852,10.298,7.468,2781.679,11142.873
1788699532.951,10.309,7.473,2771.136,11219.644
1788699533.052,10.333,7.484,2771.136,11296.835
1788699533.151,10.353,7.494,2758.322,11373.267
1788699533.252,10.379,7.507,2960.246,11455.688
1788699533.352,10.400,7.517,2931.565,11537.086
1788699533.451,10.429,7.530,2931.565,11618.381
1788699533.552,10.451,7.542,2889.173,11698.779
1788699533.652,10.472,7.553,3065.242,11783.976
1788699533.753,10.494,7.565,3065.242,11870.198
1788699533.852,10.520,7.580,2989.004,11952.276
1788699533.951,10.539,7.591,2989.004,12035.029
1788699534.052,10.559,7.602,3017.155,12119.014
1788699534.151,10.575,7.617,3017.155,12202.595
1788699534.251,10.593,7.631,3017.155,12286.454
1788699534.354,10.617,7.646,2892.818,12368.892
1788699534.452,10.630,7.654,2967.248,12449.274
1788699534.552,10.654,7.668,2817.572,12528.121
1788699534.652,10.664,7.675,2817.572,12605.888
1788699534.752,10.681,7.685,2817.572,12684.794
1788699534.852,10.704,7.700,2666.547,12758.642
1788699534.952,10.722,7.708,2685.391,12832.815
1788699535.054,10.740,7.717,2685.391,12909.098
1788699535.151,10.757,7.728,2525.387,12977.485
1788699535.252,10.775,7.739,2525.387,13047.788
1788699535.351,10.794,7.751,2515.912,13117.577
1788699535.452,10.812,7.763,2355.951,13183.137
1788699535.552,10.835,7.780,2355.951,13249.126
1788699535.652,10.854,7.788,2203.452,13309.795
1788699535.751,10.871,7.802,2174.891,13370.066
1788699535.852,10.888,7.816,2174.891,13430.750
1788699535.952,10.910,7.835,2029.719,13487.013
1788699536.051,10.920,7.845,2029.719,13543.252
1788699536.152,10.940,7.864,1994.615,13598.823
1788699536.251,10.955,7.880,1859.272,13650.319
1788699536.353,10.969,7.895,1859.272,13703.044
1788699536.451,10.981,7.921,1822.855,13752.674
1788699536.552,10.995,7.938,1822.855,13803.379
1788699536.652,11.009,7.957,1663.529,13849.645
1788699536.752,11.023,7.977,1663.529,13895.850
1788699536.856,11.037,7.997,1663.529,13944.162
1788699536.951,11.050,8.017,1517.983,13984.268
1788699537.051,11.067,8.045,1517.983,14026.480
1788699537.152,11.079,8.067,1488.111,14067.915
1788699537.251,11.090,8.091,1488.111,14109.111
1788699537.352,11.102,8.115,1359.964,14147.000
1788699537.452,11.111,8.132,1359.964,14185.075
1788699537.552,11.119,8.148,1359.964,14222.685
1788699537.653,11.125,8.160,1335.542,14259.996
1788699537.751,11.139,8.188,1335.542,14296.641
1788699537.852,11.150,8.210,1312.553,14333.236
1788699537.952,11.163,8.238,1222.695,14367.445
1788699538.051,11.172,8.254,1202.238,14400.488
1788699538.152,11.182,8.277,1202.238,14433.962
1788699538.251,11.195,8.307,1182.331,14466.757
1788699538.352,11.200,8.320,1101.944,14497.458
1788699538.452,11.208,8.339,1101.944,14528.261
1788699538.552,11.216,8.360,1083.700,14558.344
1788699538.652,11.224,8.382,1083.700,14588.224
1788699538.752,11.233,8.405,1065.239,14617.799
1788699538.851,11.241,8.428,1065.239,14647.327
1788699538.952,11.253,8.470,976.572,14674.586
1788699539.051,11.260,8.495,976.572,14701.574
1788699539.152,11.267,8.519,958.612,14728.344
1788699539.252,11.274,8.542,958.612,14755.071
1788699539.351,11.281,8.569,939.748,14780.945
1788699539.452,11.286,8.591,939.748,14807.168
1788699539.552,11.293,8.623,919.827,14832.687
1788699539.654,11.297,8.622,919.827,14858.936
1788699539.752,11.303,8.654,842.393,14881.721
1788699539.851,11.308,8.679,842.393,14905.028
1788699539.953,11.311,8.702,822.677,14928.364
1788699540.052,11.315,8.726,822.677,14950.816
1788699540.152,11.318,8.750,822.677,14973.651
1788699540.252,11.320,8.774,802.009,14996.042
1788699540.354,11.322,8.807,780.466,15018.023
1788699540.453,11.316,8.840,780.466,15039.633
1788699540.553,11.316,8.865,758.164,15060.573
1788699540.652,11.316,8.888,758.164,15081.418
1788699540.752,11.315,8.911,735.249,15101.868
1788699540.851,11.314,8.933,735.249,15122.235
1788699540.952,11.314,8.958,711.885,15142.169
1788699541.051,11.313,8.975,711.885,15161.749
1788699541.151,11.313,8.995,711.885,15181.545
1788699541.251,11.313,9.013,688.246,15200.648
1788699541.352,11.314,9.037,688.246,15219.937
1788699541.451,11.313,9.057,664.506,15238.252
1788699541.551,11.313,9.076,664.506,15256.689
1788699541.652,11.313,9.096,664.506,15275.249
1788699541.751,11.313,9.117,640.833,15292.969
1788699541.852,11.313,9.145,640.833,15310.796
1788699541.952,11.312,9.166,617.383,15327.954
1788699542.051,11.313,9.194,617.383,15345.054
1788699542.152,11.313,9.224,594.297,15361.627
1788699542.251,11.313,9.242,594.297,15378.085
1788699542.351,11.313,9.252,571.698,15393.951
1788699542.452,11.313,9.268,571.698,15409.884
1788699542.552,11.313,9.295,571.698,15425.760
1788699542.652,11.312,9.318,549.689,15441.047
1788699542.752,11.312,9.342,549.689,15456.415
1788699542.852,11.312,9.370,528.357,15470.998
1788699542.951,11.312,9.392,528.357,15485.634
1788699543.052,11.312,9.413,507.769,15499.770
1788699543.152,11.312,9.434,507.769,15513.886
1788699543.251,11.312,9.456,487.975,15527.373
1788699543.351,11.312,9.482,487.975,15540.937
1788699543.453,11.313,9.504,469.010,15554.142
1788699543.552,11.312,9.533,469.010,15567.014
1788699543.652,11.313,9.554,450.896,15579.551
1788699543.751,11.315,9.576,450.896,15592.038
1788699543.852,11.317,9.600,450.896,15604.606
1788699543.953,11.320,9.623,433.643,15616.758
1788699544.052,11.323,9.648,433.643,15628.692
1788699544.152,11.329,9.681,417.250,15640.299
1788699544.251,11.334,9.704,401.710,15651.406
1788699544.351,11.338,9.718,401.710,15662.570
1788699544.452,11.342,9.736,401.710,15673.762
1788699544.552,11.346,9.755,387.006,15684.514
1788699544.652,11.351,9.776,375.381,15694.948
1788699544.754,11.356,9.798,375.381,15705.598
1788699544.851,11.359,9.815,362.331,15715.424
1788699544.955,11.364,9.834,362.331,15725.793
1788699545.052,11.369,9.857,350.006,15735.314
1788699545.151,11.374,9.875,350.006,15744.928
1788699545.251,11.378,9.893,350.006,15754.653
1788699545.352,11.384,9.918,338.385,15764.110
1788699545.453,11.389,9.939,338.385,15773.592
1788699545.553,11.394,9.963,327.442,15782.702
1788699545.652,11.398,9.978,327.442,15791.727
1788699545.752,11.403,10.003,309.343,15800.273
1788699545.852,11.407,10.018,309.343,15808.854
1788699545.951,11.408,10.032,309.343,15817.427
1788699546.052,11.411,10.043,309.343,15826.038
1788699546.152,11.415,10.063,300.213,15834.400
1788699546.251,11.418,10.084,300.213,15842.708
1788699546.351,11.422,10.105,291.638,15850.807
1788699546.452,11.425,10.126,291.638,15858.922
1788699546.551,11.427,10.146,291.638,15867.003
1788699546.652,11.430,10.167,283.594,15874.945
1788699546.751,11.432,10.190,283.594,15882.769
1788699546.851,11.433,10.213,276.055,15890.421
1788699546.952,11.434,10.242,276.055,15898.113
1788699547.051,11.435,10.261,268.999,15905.575
1788699547.152,11.435,10.281,268.999,15913.060
1788699547.251,11.436,10.310,262.399,15920.327
1788699547.351,11.436,10.331,262.399,15927.618
1788699547.452,11.435,10.351,256.233,15934.749
1788699547.552,11.435,10.374,256.233,15941.900
1788699547.653,11.434,10.395,256.233,15949.119
1788699547.751,11.434,10.415,250.478,15955.934
1788699547.853,11.433,10.435,250.478,15963.007
1788699547.951,11.432,10.455,245.110,15969.699
1788699548.051,11.431,10.480,245.110,15976.509
1788699548.151,11.430,10.493,245.110,15983.318
1788699548.252,11.430,10.509,240.110,15990.002
1788699548.351,11.429,10.531,240.110,15996.667
1788699548.451,11.429,10.546,240.110,16003.321
1788699548.552,11.429,10.560,235.455,16009.888
1788699548.651,11.429,10.576,235.455,16016.420
1788699548.752,11.429,10.594,235.455,16022.962
1788699548.851,11.430,10.615,231.127,16029.368
1788699548.952,11.431,10.636,231.127,16035.842
1788699549.052,11.431,10.656,227.107,16042.118
1788699549.152,11.433,10.688,227.107,16048.443
1788699549.251,11.433,10.710,223.377,16054.614
1788699549.354,11.434,10.729,223.377,16060.982
1788699549.451,11.435,10.756,219.920,16066.923
1788699549.551,11.435,10.768,219.920,16073.048
1788699549.652,11.436,10.793,219.920,16079.177
1788699549.752,11.436,10.807,216.720,16085.214
1788699549.852,11.436,10.830,216.720,16091.199
1788699549.952,11.437,10.858,213.762,16097.168
1788699550.052,11.437,10.880,213.762,16103.101
1788699550.157,11.436,10.904,211.031,16109.264
1788699550.251,11.435,10.928,211.031,16114.788
1788699550.351,11.434,10.959,208.515,16120.590
1788699550.452,11.433,10.983,208.515,16126.385
1788699550.551,11.432,11.007,206.200,16132.105
1788699550.653,11.430,11.029,206.200,16137.903
1788699550.752,11.428,11.051,204.074,16143.534
1788699550.851,11.426,11.082,204.074,16149.169
1788699550.952,11.425,11.106,202.127,16154.800
1788699551.052,11.423,11.130,202.127,16160.419
1788699551.151,11.422,11.154,200.347,16165.968
1788699551.251,11.420,11.184,200.347,16171.528
1788699551.353,11.417,11.214,198.724,16177.112
1788699551.451,11.415,11.237,198.724,16182.573
1788699551.552,11.413,11.259,197.250,16188.085
1788699551.651,11.410,11.282,197.250,16193.534
1788699551.751,11.407,11.307,195.914,16198.966
1788699551.852,11.404,11.330,195.914,16204.432
1788699551.951,11.402,11.350,194.710,16209.817
1788699552.052,11.400,11.372,196.277,16215.296
1788699552.151,11.396,11.403,195.127,16220.688
1788699552.251,11.394,11.432,195.127,16226.108
1788699552.352,11.392,11.458,194.097,16231.513
1788699552.452,11.391,11.481,194.097,16236.907
1788699552.551,11.390,11.504,193.180,16242.268
1788699552.652,11.389,11.527,193.180,16247.646
1788699552.752,11.388,11.550,192.370,16252.981
1788699552.851,11.388,11.574,192.370,16258.315
1788699552.951,11.388,11.603,191.660,16263.636
1788699553.052,11.387,11.633,191.660,16268.978
1788699553.152,11.387,11.658,191.044,16274.287
1788699553.253,11.386,11.683,191.044,16279.649
1788699553.352,11.384,11.713,190.517,16284.908
1788699553.451,11.383,11.736,190.517,16290.163
1788699553.554,11.381,11.767,190.072,16295.598
1788699553.652,11.380,11.791,190.072,16300.731
1788699553.752,11.378,11.814,189.706,16306.045
1788699553.851,11.377,11.835,189.706,16311.266
1788699553.952,11.375,11.856,189.413,16316.535
1788699554.052,11.374,11.877,189.413,16321.837
1788699554.152,11.372,11.899,189.413,16327.055
1788699554.252,11.370,11.921,189.189,16332.308
1788699554.351,11.367,11.953,189.030,16337.547
1788699554.453,11.366,11.978,189.030,16342.865
1788699554.551,11.363,11.985,189.030,16348.051
1788699554.651,11.362,12.007,188.932,16353.302
1788699554.752,11.360,12.030,188.932,16358.568
1788699554.852,11.359,12.058,188.891,16363.815
1788699554.951,11.358,12.075,188.891,16369.041
1788699555.051,11.357,12.099,188.891,16374.288
1788699555.151,11.357,12.119,188.904,16379.537
1788699555.251,11.356,12.162,188.967,16384.780
1788699555.352,11.356,12.182,188.967,16390.055
1788699555.452,11.356,12.207,189.078,16395.334
1788699555.551,11.356,12.232,189.078,16400.536
1788699555.652,11.357,12.256,189.234,16405.812
1788699555.751,11.357,12.276,189.234,16411.053
1788699555.851,11.358,12.295,189.234,16416.307
1788699555.951,11.358,12.315,189.431,16421.570
1788699556.053,11.359,12.343,189.431,16426.902
1788699556.151,11.359,12.361,189.668,16432.100
1788699556.253,11.360,12.385,189.668,16437.444
1788699556.352,11.360,12.401,189.942,16442.670
1788699556.453,11.360,12.418,189.942,16447.990
1788699556.554,11.359,12.436,189.942,16453.318
1788699556.653,11.359,12.454,190.250,16458.552
1788699556.751,11.358,12.472,190.250,16463.772
1788699556.852,11.357,12.495,190.250,16469.100
1788699556.953,11.356,12.507,190.590,16474.421
1788699557.052,11.354,12.529,190.590,16479.653
1788699557.152,11.352,12.547,190.590,16484.963
1788699557.251,11.350,12.566,191.779,16490.262
1788699557.351,11.347,12.585,191.779,16495.587
1788699557.451,11.344,12.603,192.173,16500.926
1788699557.551,11.340,12.622,192.173,16506.268
1788699557.653,11.336,12.630,192.173,16511.676
1788699557.751,11.331,12.650,192.173,16516.945
1788699557.852,11.324,12.679,192.595,16522.318
1788699557.951,11.319,12.702,193.044,16527.653
1788699558.051,11.314,12.723,193.044,16533.012
1788699558.151,11.309,12.745,193.044,16538.377
1788699558.251,11.304,12.768,193.516,16543.754
1788699558.352,11.298,12.799,194.311,16549.177
1788699558.451,11.293,12.831,194.807,16554.567
1788699558.553,11.288,12.867,195.325,16560.074
1788699558.653,11.284,12.892,195.325,16565.521
1788699558.752,11.281,12.916,195.865,16570.871
1788699558.851,11.278,12.940,195.865,16576.289
1788699558.952,11.277,12.962,196.423,16581.774
1788699559.051,11.276,12.992,196.423,16587.213
1788699559.151,11.276,13.021,196.999,16592.680
1788699559.252,11.276,13.045,196.999,16598.165
1788699559.354,11.277,13.071,197.592,16603.764
1788699559.454,11.277,13.090,197.592,16609.267
1788699559.552,11.277,13.111,198.199,16614.678
1788699559.655,11.277,13.133,198.199,16620.342
1788699559.752,11.278,13.154,198.818,16625.689
1788699559.852,11.278,13.184,198.818,16631.204
1788699559.952,11.278,13.209,199.450,16636.742
1788699560.052,11.279,13.228,199.450,16642.281
1788699560.152,11.280,13.258,200.090,16647.835
1788699560.251,11.280,13.278,200.090,16653.381
1788699560.353,11.280,13.296,200.090,16659.014
1788699560.454,11.280,13.312,200.739,16664.635
1788699560.551,11.280,13.331,200.739,16670.096
1788699560.651,11.281,13.352,201.393,16675.689
1788699560.751,11.281,13.384,201.393,16681.276
1788699560.851,11.280,13.409,202.052,16686.895
1788699560.951,11.281,13.434,202.052,16692.511
1788699561.053,11.281,13.457,202.713,16698.206
1788699561.151,11.282,13.479,202.713,16703.766
1788699561.252,11.283,13.502,203.374,16709.425
1788699561.352,11.284,13.534,203.374,16715.080
1788699561.453,11.285,13.558,204.033,16720.815
1788699561.552,11.286,13.568,204.033,16726.411
1788699561.652,11.287,13.593,204.033,16732.089
1788699561.752,11.288,13.616,204.688,16737.768
1788699561.852,11.288,13.642,204.688,16743.466
1788699561.954,11.289,13.664,205.337,16749.271
1788699562.052,11.289,13.681,205.337,16754.906
1788699562.152,11.290,13.715,205.977,16760.595
1788699562.252,11.291,13.740,205.977,16766.339
1788699562.355,11.290,13.789,206.606,16772.245
1788699562.453,11.291,13.814,207.220,16777.852
1788699562.552,11.292,13.831,207.220,16783.552
1788699562.652,11.294,13.856,207.819,16789.332
1788699562.752,11.295,13.881,207.819,16795.113
1788699562.851,11.298,13.914,208.399,16800.872
1788699562.953,11.300,13.940,208.399,16806.739
1788699563.051,11.302,13.965,207.742,16812.431
1788699563.152,11.304,13.981,207.742,16818.243
1788699563.251,11.306,14.006,208.244,16823.996
1788699563.352,11.309,14.039,208.244,16829.782
1788699563.452,11.312,14.064,208.720,16835.580
1788699563.553,11.314,14.089,208.720,16841.438
1788699563.651,11.317,14.114,209.167,16847.179
1788699563.753,11.320,14.139,209.167,16853.113
1788699563.852,11.323,14.164,209.582,16858.827
1788699563.951,11.326,14.200,209.582,16864.629
1788699564.052,11.331,14.233,209.964,16870.477
1788699564.153,11.335,14.266,210.311,16876.387
1788699564.251,11.339,14.291,210.311,16882.155
1788699564.352,11.342,14.308,210.620,16888.022
1788699564.452,11.346,14.333,210.620,16893.864
1788699564.552,11.350,14.358,209.466,16899.676
1788699564.652,11.355,14.382,209.466,16905.495
1788699564.751,11.359,14.407,209.675,16911.318
1788699564.851,11.364,14.426,209.675,16917.140
1788699564.952,11.370,14.450,209.675,16922.977
1788699565.052,11.375,14.467,209.844,16928.809
1788699565.152,11.380,14.490,209.844,16934.644
1788699565.251,11.385,14.514,209.972,16940.454
1788699565.353,11.389,14.535,209.972,16946.351
1788699565.453,11.394,14.557,210.060,16952.195
1788699565.553,11.406,14.588,208.591,16957.991
1788699565.651,11.411,14.611,208.626,16963.713
1788699565.752,11.417,14.635,208.626,16969.517
1788699565.851,11.424,14.659,208.622,16975.295
1788699565.951,11.431,14.683,208.622,16981.094
1788699566.052,11.443,14.715,208.578,16986.899
1788699566.154,11.453,14.737,207.112,16992.784
1788699566.252,11.467,14.766,207.026,16998.417
1788699566.352,11.472,14.782,207.026,17004.150
1788699566.451,11.484,14.800,207.026,17009.893
1788699566.552,11.495,14.815,206.903,17015.660
1788699566.651,11.506,14.829,205.460,17021.354
1788699566.752,11.514,14.838,205.460,17027.073
1788699566.852,11.524,14.849,205.460,17032.802
1788699566.951,11.537,14.861,205.302,17038.461
1788699567.052,11.545,14.868,205.302,17044.188
1788699567.152,11.556,14.893,203.886,17049.841
1788699567.253,11.564,14.899,203.886,17055.565
1788699567.351,11.573,14.904,203.696,17061.159
1788699567.453,11.579,14.907,203.696,17066.884
1788699567.551,11.582,14.908,203.696,17072.473
1788699567.652,11.584,14.909,203.696,17078.140
1788699567.751,11.586,14.909,203.696,17083.783
1788699567.852,11.586,14.909,203.696,17089.486
1788699567.953,11.585,14.895,203.886,17095.225
1788699568.052,11.584,14.895,203.886,17100.780
1788699568.151,11.582,14.895,203.886,17106.432
1788699568.251,11.579,14.895,203.886,17112.105
1788699568.352,11.577,14.894,203.886,17117.778
1788699568.451,11.575,14.894,203.886,17123.432
1788699568.551,11.575,14.895,203.886,17129.084
1788699568.653,11.575,14.895,203.886,17134.818
1788699568.751,11.575,14.895,203.886,17140.417
1788699568.852,11.575,14.906,203.696,17146.086
1788699568.952,11.575,14.909,203.696,17151.784
1788699569.052,11.575,14.909,203.696,17157.415
1788699569.152,11.575,14.909,203.696,17163.058
1788699569.251,11.575,14.909,203.696,17168.705
1788699569.351,11.575,14.909,203.696,17174.368
1788699569.452,11.575,14.909,203.696,17180.084
1788699569.551,11.575,14.909,203.696,17185.682
1788699569.652,11.575,14.909,203.696,17191.361
1788699569.753,11.575,14.909,203.696,17197.092
1788699569.851,11.575,14.909,203.696,17202.661
1788699569.951,11.575,14.909,203.696,17208.319
