wall_unix_s,wall_elapsed_s,ros_s,sim_to_wall_ratio,kind,pid,process_created_unix_s,label,cpu_percent,rss_MiB,host_memory_available_MiB,threads
1791124144.0461874,2.1022596650000196,774.459,0.8899947190871702,host,,,host,85.9,,23964.36328125,
1791124144.0519946,2.1022596650000196,774.459,0.8899947190871702,process,38122,1791123294.89,baseline_field_server,16.5,113.7109375,,34
1791124144.0525622,2.1022596650000196,774.459,0.8899947190871702,process,39986,1791123320.29,controller_server,22.8,46.53515625,,21
1791124144.0530024,2.1022596650000196,774.459,0.8899947190871702,process,39988,1791123320.29,planner_server,31.4,58.73046875,,22
1791124144.0534089,2.1022596650000196,774.459,0.8899947190871702,process,39991,1791123320.29,bt_navigator,22.0,58.29296875,,17
1791124144.0537927,2.1022596650000196,774.459,0.8899947190871702,process,39993,1791123320.3,velocity_smoother,11.6,27.4921875,,13
1791124144.054231,2.1022596650000196,774.459,0.8899947190871702,process,39994,1791123320.3,collision_monitor,13.5,37.3359375,,14
1791124144.0546417,2.1022596650000196,774.459,0.8899947190871702,process,42473,1791124116.18,logger_self,93.3,76.8515625,,24
1791124146.201538,4.257313121999687,776.402,0.9016017647679156,host,,,host,85.2,,23973.40625,
1791124146.2087853,4.257313121999687,776.402,0.9016017647679156,process,38122,1791123294.89,baseline_field_server,16.2,114.30078125,,34
1791124146.2092447,4.257313121999687,776.402,0.9016017647679156,process,39986,1791123320.29,controller_server,25.5,46.54296875,,22
1791124146.2096407,4.257313121999687,776.402,0.9016017647679156,process,39988,1791123320.29,planner_server,31.1,58.7265625,,21
1791124146.2113743,4.257313121999687,776.402,0.9016017647679156,process,39991,1791123320.29,bt_navigator,27.4,58.29296875,,17
1791124146.2206206,4.257313121999687,776.402,0.9016017647679156,process,39993,1791123320.3,velocity_smoother,12.0,27.4921875,,13
1791124146.2305229,4.257313121999687,776.402,0.9016017647679156,process,39994,1791123320.3,collision_monitor,13.4,37.3359375,,14
1791124146.2347708,4.257313121999687,776.402,0.9016017647679156,process,42473,1791124116.18,logger_self,100.0,77.33203125,,24
1791124148.301722,6.354846980999355,778.294,0.9020116609236764,host,,,host,83.6,,24011.2421875,
1791124148.3057468,6.354846980999355,778.294,0.9020116609236764,process,38122,1791123294.89,baseline_field_server,16.6,113.7109375,,34
1791124148.306169,6.354846980999355,778.294,0.9020116609236764,process,39986,1791123320.29,controller_server,24.3,46.54296875,,22
1791124148.3065522,6.354846980999355,778.294,0.9020116609236764,process,39988,1791123320.29,planner_server,29.1,58.7265625,,21
1791124148.3069415,6.354846980999355,778.294,0.9020116609236764,process,39991,1791123320.29,bt_navigator,27.2,58.29296875,,17
1791124148.307302,6.354846980999355,778.294,0.9020116609236764,process,39993,1791123320.3,velocity_smoother,11.5,27.4921875,,13
1791124148.3076215,6.354846980999355,778.294,0.9020116609236764,process,39994,1791123320.3,collision_monitor,12.5,37.3359375,,14
1791124148.3184602,6.354846980999355,778.294,0.9020116609236764,process,42473,1791124116.18,logger_self,99.3,77.375,,24
1791124150.383371,8.439588565999657,780.131,0.8811643674291283,host,,,host,84.3,,23986.76953125,
1791124150.3947725,8.439588565999657,780.131,0.8811643674291283,process,38122,1791123294.89,baseline_field_server,17.7,114.30078125,,34
1791124150.3951411,8.439588565999657,780.131,0.8811643674291283,process,39986,1791123320.29,controller_server,23.9,46.54296875,,22
1791124150.4003403,8.439588565999657,780.131,0.8811643674291283,process,39988,1791123320.29,planner_server,29.1,58.7265625,,21
1791124150.4008524,8.439588565999657,780.131,0.8811643674291283,process,39991,1791123320.29,bt_navigator,27.2,58.29296875,,17
1791124150.4012346,8.439588565999657,780.131,0.8811643674291283,process,39993,1791123320.3,velocity_smoother,11.9,27.4921875,,13
1791124150.4016569,8.439588565999657,780.131,0.8811643674291283,process,39994,1791123320.3,collision_monitor,12.4,37.3359375,,14
1791124150.4021378,8.439588565999657,780.131,0.8811643674291283,process,42473,1791124116.18,logger_self,99.4,77.40625,,24
1791124152.5212908,10.558082657998966,781.978,0.8718457167170528,host,,,host,84.5,,23959.828125,
1791124152.5222287,10.558082657998966,781.978,0.8718457167170528,process,38122,1791123294.89,baseline_field_server,16.0,113.7109375,,34
1791124152.5227737,10.558082657998966,781.978,0.8718457167170528,process,39986,1791123320.29,controller_server,24.0,46.54296875,,22
1791124152.5232084,10.558082657998966,781.978,0.8718457167170528,process,39988,1791123320.29,planner_server,29.2,58.7265625,,21
1791124152.5236197,10.558082657998966,781.978,0.8718457167170528,process,39991,1791123320.29,bt_navigator,26.9,58.29296875,,17
1791124152.5240345,10.558082657998966,781.978,0.8718457167170528,process,39993,1791123320.3,velocity_smoother,11.3,27.4921875,,13
1791124152.5244856,10.558082657998966,781.978,0.8718457167170528,process,39994,1791123320.3,collision_monitor,13.2,37.3359375,,14
1791124152.5309794,10.558082657998966,781.978,0.8718457167170528,process,42473,1791124116.18,logger_self,97.4,77.46875,,24
1791124154.3016555,12.356904416999896,783.516,0.8550041116103799,host,,,host,87.6,,23978.98046875,
1791124154.3039653,12.356904416999896,783.516,0.8550041116103799,process,38122,1791123294.89,baseline_field_server,19.1,114.30078125,,34
1791124154.3069475,12.356904416999896,783.516,0.8550041116103799,process,39986,1791123320.29,controller_server,23.6,46.54296875,,22
1791124154.3139114,12.356904416999896,783.516,0.8550041116103799,process,39988,1791123320.29,planner_server,27.4,58.7265625,,21
1791124154.3223574,12.356904416999896,783.516,0.8550041116103799,process,39991,1791123320.29,bt_navigator,26.2,58.29296875,,17
1791124154.3228905,12.356904416999896,783.516,0.8550041116103799,process,39993,1791123320.3,velocity_smoother,11.1,27.4921875,,13
1791124154.3281703,12.356904416999896,783.516,0.8550041116103799,process,39994,1791123320.3,collision_monitor,12.2,37.3359375,,14
1791124154.3316517,12.356904416999896,783.516,0.8550041116103799,process,42473,1791124116.18,logger_self,91.6,77.53125,,24
1791124156.0018206,14.057241876998887,784.919,0.8251303244244542,host,,,host,87.6,,24008.5703125,
1791124156.0097728,14.057241876998887,784.919,0.8251303244244542,process,38122,1791123294.89,baseline_field_server,19.4,113.7109375,,34
1791124156.0131345,14.057241876998887,784.919,0.8251303244244542,process,39986,1791123320.29,controller_server,23.4,46.54296875,,22
1791124156.0195296,14.057241876998887,784.919,0.8251303244244542,process,39988,1791123320.29,planner_server,27.5,58.7265625,,21
1791124156.0276005,14.057241876998887,784.919,0.8251303244244542,process,39991,1791123320.29,bt_navigator,25.8,58.29296875,,17
1791124156.0368106,14.057241876998887,784.919,0.8251303244244542,process,39993,1791123320.3,velocity_smoother,11.1,27.4921875,,13
1791124156.0373433,14.057241876998887,784.919,0.8251303244244542,process,39994,1791123320.3,collision_monitor,12.3,37.3359375,,14
1791124156.0455322,14.057241876998887,784.919,0.8251303244244542,process,42473,1791124116.18,logger_self,92.9,77.5546875,,24
1791124157.8143966,15.870590614998946,786.46,0.8498089571560413,host,,,host,86.0,,23974.80859375,
1791124157.815058,15.870590614998946,786.46,0.8498089571560413,process,38122,1791123294.89,baseline_field_server,16.6,119.41015625,,34
1791124157.8154466,15.870590614998946,786.46,0.8498089571560413,process,39986,1791123320.29,controller_server,23.3,46.54296875,,22
1791124157.8158305,15.870590614998946,786.46,0.8498089571560413,process,39988,1791123320.29,planner_server,27.2,58.734375,,21
1791124157.8162005,15.870590614998946,786.46,0.8498089571560413,process,39991,1791123320.29,bt_navigator,25.1,58.29296875,,17
1791124157.8165128,15.870590614998946,786.46,0.8498089571560413,process,39993,1791123320.3,velocity_smoother,11.2,27.4921875,,13
1791124157.8167953,15.870590614998946,786.46,0.8498089571560413,process,39994,1791123320.3,collision_monitor,12.4,37.3359375,,14
1791124157.8172963,15.870590614998946,786.46,0.8498089571560413,process,42473,1791124116.18,logger_self,95.1,77.5859375,,24
1791124159.6930573,17.74931110199941,788.045,0.8436592941670151,host,,,host,86.1,,23927.3203125,
1791124159.6951227,17.74931110199941,788.045,0.8436592941670151,process,38122,1791123294.89,baseline_field_server,17.0,123.55078125,,34
1791124159.6955502,17.74931110199941,788.045,0.8436592941670151,process,39986,1791123320.29,controller_server,23.4,46.54296875,,22
1791124159.6959944,17.74931110199941,788.045,0.8436592941670151,process,39988,1791123320.29,planner_server,27.7,58.7421875,,21
1791124159.696434,17.74931110199941,788.045,0.8436592941670151,process,39991,1791123320.29,bt_navigator,26.6,58.29296875,,17
1791124159.6969907,17.74931110199941,788.045,0.8436592941670151,process,39993,1791123320.3,velocity_smoother,11.2,27.4921875,,13
1791124159.6975245,17.74931110199941,788.045,0.8436592941670151,process,39994,1791123320.3,collision_monitor,12.8,37.3359375,,14
1791124159.7087743,17.74931110199941,788.045,0.8436592941670151,process,42473,1791124116.18,logger_self,95.0,77.59765625,,24
1791124161.771642,19.82638229999975,789.859,0.8733451225680042,host,,,host,86.0,,23910.55078125,
1791124161.7866924,19.82638229999975,789.859,0.8733451225680042,process,38122,1791123294.89,baseline_field_server,19.2,114.30078125,,34
1791124161.7957869,19.82638229999975,789.859,0.8733451225680042,process,39986,1791123320.29,controller_server,24.8,46.54296875,,22
1791124161.8191955,19.82638229999975,789.859,0.8733451225680042,process,39988,1791123320.29,planner_server,28.0,58.75,,21
1791124161.8312159,19.82638229999975,789.859,0.8733451225680042,process,39991,1791123320.29,bt_navigator,26.3,58.29296875,,17
1791124161.835688,19.82638229999975,789.859,0.8733451225680042,process,39993,1791123320.3,velocity_smoother,12.2,27.4921875,,13
1791124161.8361855,19.82638229999975,789.859,0.8733451225680042,process,39994,1791123320.3,collision_monitor,13.1,37.3359375,,14
1791124161.8433983,19.82638229999975,789.859,0.8733451225680042,process,42473,1791124116.18,logger_self,97.9,77.67578125,,24
1791124164.0681336,22.122060136998698,791.934,0.9038724713710266,host,,,host,82.9,,23902.73828125,
1791124164.078812,22.122060136998698,791.934,0.9038724713710266,process,38122,1791123294.89,baseline_field_server,16.5,113.7109375,,34
1791124164.0911107,22.122060136998698,791.934,0.9038724713710266,process,39986,1791123320.29,controller_server,24.8,46.54296875,,22
1791124164.0994427,22.122060136998698,791.934,0.9038724713710266,process,39988,1791123320.29,planner_server,27.5,58.76171875,,21
1791124164.1002064,22.122060136998698,791.934,0.9038724713710266,process,39991,1791123320.29,bt_navigator,26.8,58.29296875,,17
1791124164.1031306,22.122060136998698,791.934,0.9038724713710266,process,39993,1791123320.3,velocity_smoother,11.0,27.4921875,,13
1791124164.1124465,22.122060136998698,791.934,0.9038724713710266,process,39994,1791123320.3,collision_monitor,12.8,37.3359375,,14
1791124164.1251817,22.122060136998698,791.934,0.9038724713710266,process,42473,1791124116.18,logger_self,99.9,77.6796875,,24
1791124166.0588365,24.11388507099946,793.744,0.9087144000976584,host,,,host,84.1,,23928.6015625,
1791124166.072982,24.11388507099946,793.744,0.9087144000976584,process,38122,1791123294.89,baseline_field_server,18.6,114.30078125,,34
1791124166.0843244,24.11388507099946,793.744,0.9087144000976584,process,39986,1791123320.29,controller_server,24.1,46.54296875,,22
1791124166.0939496,24.11388507099946,793.744,0.9087144000976584,process,39988,1791123320.29,planner_server,27.6,58.76953125,,21
1791124166.0989835,24.11388507099946,793.744,0.9087144000976584,process,39991,1791123320.29,bt_navigator,26.6,58.29296875,,17
1791124166.1054518,24.11388507099946,793.744,0.9087144000976584,process,39993,1791123320.3,velocity_smoother,12.0,27.4921875,,13
1791124166.1107635,24.11388507099946,793.744,0.9087144000976584,process,39994,1791123320.3,collision_monitor,12.5,37.3359375,,14
1791124166.1200056,24.11388507099946,793.744,0.9087144000976584,process,42473,1791124116.18,logger_self,98.7,77.6796875,,24
1791124168.3040333,26.358896858999287,795.71,0.8757192325264344,host,,,host,85.3,,23938.9296875,
1791124168.3119726,26.358896858999287,795.71,0.8757192325264344,process,38122,1791123294.89,baseline_field_server,15.6,113.7109375,,34
1791124168.3125803,26.358896858999287,795.71,0.8757192325264344,process,39986,1791123320.29,controller_server,24.6,46.54296875,,22
1791124168.3146076,26.358896858999287,795.71,0.8757192325264344,process,39988,1791123320.29,planner_server,26.9,58.7734375,,21
1791124168.3188932,26.358896858999287,795.71,0.8757192325264344,process,39991,1791123320.29,bt_navigator,26.6,58.29296875,,17
1791124168.319523,26.358896858999287,795.71,0.8757192325264344,process,39993,1791123320.3,velocity_smoother,11.3,27.4921875,,13
1791124168.3208148,26.358896858999287,795.71,0.8757192325264344,process,39994,1791123320.3,collision_monitor,13.1,37.3359375,,14
1791124168.32609,26.358896858999287,795.71,0.8757192325264344,process,42473,1791124116.18,logger_self,97.8,77.6953125,,24
1791124170.3217359,28.376119787999414,797.462,0.8685207642708896,host,,,host,86.1,,23979.55859375,
1791124170.3288107,28.376119787999414,797.462,0.8685207642708896,process,38122,1791123294.89,baseline_field_server,19.3,114.30078125,,34
1791124170.3361554,28.376119787999414,797.462,0.8685207642708896,process,39986,1791123320.29,controller_server,24.8,46.54296875,,22
1791124170.3367121,28.376119787999414,797.462,0.8685207642708896,process,39988,1791123320.29,planner_server,28.2,58.7734375,,21
1791124170.3411627,28.376119787999414,797.462,0.8685207642708896,process,39991,1791123320.29,bt_navigator,26.7,58.29296875,,17
1791124170.341623,28.376119787999414,797.462,0.8685207642708896,process,39993,1791123320.3,velocity_smoother,12.9,27.4921875,,13
1791124170.343097,28.376119787999414,797.462,0.8685207642708896,process,39994,1791123320.3,collision_monitor,13.4,37.3359375,,14
1791124170.348818,28.376119787999414,797.462,0.8685207642708896,process,42473,1791124116.18,logger_self,97.3,77.765625,,24
1791124172.415925,30.469144888998926,799.349,0.9015658718564491,host,,,host,84.2,,23991.7890625,
1791124172.4269464,30.469144888998926,799.349,0.9015658718564491,process,38122,1791123294.89,baseline_field_server,17.2,113.7109375,,34
1791124172.4358544,30.469144888998926,799.349,0.9015658718564491,process,39986,1791123320.29,controller_server,24.8,46.54296875,,22
1791124172.4364405,30.469144888998926,799.349,0.9015658718564491,process,39988,1791123320.29,planner_server,28.1,58.7734375,,21
1791124172.4389749,30.469144888998926,799.349,0.9015658718564491,process,39991,1791123320.29,bt_navigator,26.7,58.29296875,,17
1791124172.4402897,30.469144888998926,799.349,0.9015658718564491,process,39993,1791123320.3,velocity_smoother,11.0,27.4921875,,13
1791124172.4425156,30.469144888998926,799.349,0.9015658718564491,process,39994,1791123320.3,collision_monitor,12.9,37.3359375,,14
1791124172.4542062,30.469144888998926,799.349,0.9015658718564491,process,42473,1791124116.18,logger_self,98.6,77.765625,,24
1791124174.5619764,32.61767344799955,801.307,0.9113213747136424,host,,,host,83.9,,23977.1640625,
1791124174.5626762,32.61767344799955,801.307,0.9113213747136424,process,38122,1791123294.89,baseline_field_server,16.8,114.30078125,,34
1791124174.563938,32.61767344799955,801.307,0.9113213747136424,process,39986,1791123320.29,controller_server,24.4,46.54296875,,22
1791124174.5643518,32.61767344799955,801.307,0.9113213747136424,process,39988,1791123320.29,planner_server,27.3,58.7734375,,21
1791124174.5741599,32.61767344799955,801.307,0.9113213747136424,process,39991,1791123320.29,bt_navigator,26.3,58.29296875,,17
1791124174.5809586,32.61767344799955,801.307,0.9113213747136424,process,39993,1791123320.3,velocity_smoother,12.2,27.4921875,,13
1791124174.5869222,32.61767344799955,801.307,0.9113213747136424,process,39994,1791123320.3,collision_monitor,12.6,37.3359375,,14
1791124174.5949557,32.61767344799955,801.307,0.9113213747136424,process,42473,1791124116.18,logger_self,100.2,77.76953125,,24
1791124176.7863445,34.84026285899927,803.312,0.9021009413961663,host,,,host,84.2,,24004.6640625,
1791124176.796938,34.84026285899927,803.312,0.9021009413961663,process,38122,1791123294.89,baseline_field_server,22.9,113.125,,34
1791124176.8021016,34.84026285899927,803.312,0.9021009413961663,process,39986,1791123320.29,controller_server,25.0,46.54296875,,22
1791124176.8025343,34.84026285899927,803.312,0.9021009413961663,process,39988,1791123320.29,planner_server,27.7,58.7734375,,21
1791124176.8036973,34.84026285899927,803.312,0.9021009413961663,process,39991,1791123320.29,bt_navigator,26.8,58.29296875,,17
1791124176.8089347,34.84026285899927,803.312,0.9021009413961663,process,39993,1791123320.3,velocity_smoother,12.1,27.4921875,,13
1791124176.8131304,34.84026285899927,803.312,0.9021009413961663,process,39994,1791123320.3,collision_monitor,13.5,37.3359375,,14
1791124176.813565,34.84026285899927,803.312,0.9021009413961663,process,42473,1791124116.18,logger_self,99.4,77.7890625,,24
1791124178.6712987,36.7187916139992,805.016,0.9070928488395754,host,,,host,84.0,,23971.21875,
1791124178.6816623,36.7187916139992,805.016,0.9070928488395754,process,38122,1791123294.89,baseline_field_server,18.0,123.55078125,,34
1791124178.6821837,36.7187916139992,805.016,0.9070928488395754,process,39986,1791123320.29,controller_server,23.9,46.53515625,,21
1791124178.682625,36.7187916139992,805.016,0.9070928488395754,process,39988,1791123320.29,planner_server,28.2,58.7734375,,21
1791124178.6845315,36.7187916139992,805.016,0.9070928488395754,process,39991,1791123320.29,bt_navigator,25.0,58.27734375,,16
1791124178.688959,36.7187916139992,805.016,0.9070928488395754,process,39993,1791123320.3,velocity_smoother,11.7,27.4921875,,13
1791124178.6995344,36.7187916139992,805.016,0.9070928488395754,process,39994,1791123320.3,collision_monitor,12.8,37.3359375,,14
1791124178.7027614,36.7187916139992,805.016,0.9070928488395754,process,42473,1791124116.18,logger_self,99.5,77.8359375,,24
1791124181.1399739,39.19297030399866,807.363,0.948597613214672,host,,,host,82.1,,23955.92578125,
1791124181.1452894,39.19297030399866,807.363,0.948597613214672,process,38122,1791123294.89,baseline_field_server,16.2,113.125,,34
1791124181.1492581,39.19297030399866,807.363,0.948597613214672,process,39986,1791123320.29,controller_server,23.5,46.53515625,,21
1791124181.1567268,39.19297030399866,807.363,0.948597613214672,process,39988,1791123320.29,planner_server,27.9,58.7734375,,21
1791124181.1587253,39.19297030399866,807.363,0.948597613214672,process,39991,1791123320.29,bt_navigator,23.0,58.27734375,,16
1791124181.159155,39.19297030399866,807.363,0.948597613214672,process,39993,1791123320.3,velocity_smoother,11.7,27.4921875,,13
1791124181.159533,39.19297030399866,807.363,0.948597613214672,process,39994,1791123320.3,collision_monitor,13.4,37.3359375,,14
1791124181.1599462,39.19297030399866,807.363,0.948597613214672,process,42473,1791124116.18,logger_self,103.0,77.8359375,,24
