t_ros_s,t_elapsed_s,tf_stamp_s,tf_age_s,x_map_m,y_map_m,yaw_rad,v_m_s,w_rad_s,dose_rate_uSv_h,exposure_valid_uSv,path_valid_m,covered_s,status
482.1,0.021000000000015007,482.08,0.020000000000038654,5.0131188959958095,5.02671074368854,-0.003325841339738418,-6.488307453160827e-10,2.297432908589602e-05,412045.34912109375,0.0,0.0,0.0,first_sample
482.2,0.1209999999999809,482.18,0.01999999999998181,5.013118458404845,5.026710112169492,-0.0033252179658023913,-6.090660741053279e-10,-6.586308972484202e-06,412045.34912109375,11.445704142255208,7.683112388345202e-07,0.10000000000002274,ok
482.3,0.22100000000000364,482.28,0.020000000000038654,5.013118072807265,5.026709555699177,-0.0033230540718277206,-5.717384469507147e-10,0.0003384890209500278,412045.34912109375,22.89140828450391,1.445322838267836e-06,0.19999999999998863,ok
482.4,0.32099999999996953,482.38,0.01999999999998181,5.013117733024855,5.026709065209194,-0.0032961385407455812,-5.366985055162143e-10,-1.0137238995756631e-05,412045.34912109375,34.33711242675912,2.0420074358242847e-06,0.30000000000001137,ok
482.501,0.4219999999999686,482.48,0.020999999999958163,5.013117433613689,5.026708632768787,-0.003300465483265419,-5.038060451136896e-10,0.00024242763596820852,412045.34912109375,45.78281656901433,2.5679843859036827e-06,0.4000000000000341,ok
482.6,0.521000000000015,482.58,0.020000000000038654,5.013117169777739,5.026708251714327,-0.003290255907036982,-4.729294538722163e-10,-0.00039368397105771994,412045.34912109375,57.22852071126303,3.0314624438625145e-06,0.5,ok
482.7,0.6209999999999809,482.68,0.01999999999998181,5.01311693729013,5.026707915963788,-0.0032970004094513158,-4.439451858700375e-10,0.0001941887224552454,412045.34912109375,68.67422485351824,3.4398481834516723e-06,0.6000000000000227,ok
482.8,0.7210000000000036,482.78,0.020000000000038654,5.01311673242585,5.026707620046426,-0.003278256241641426,-4.1673726692810845e-10,-0.00012153171534520337,412045.34912109375,80.11992899576694,3.799759920966417e-06,0.6999999999999886,ok
482.9,0.8209999999999695,482.88,0.01999999999998181,5.013116551902525,5.026707359153943,-0.003272874873832282,-3.911968305715663e-10,6.838164585150911e-05,412045.34912109375,91.56563313802215,4.117019370750526e-06,0.8000000000000114,ok
483.0,0.9209999999999923,482.98,0.01999999999998181,5.013116392828358,5.026707129224717,-0.0032759367399631425,-3.6722168228887735e-10,5.231544627685769e-05,412045.34912109375,103.01133728027736,4.396612001721369e-06,0.9000000000000341,ok
483.1,1.021000000000015,483.08,0.020000000000038654,5.013116252655025,5.0267069266418725,-0.0032784369444665735,-3.447158908689331e-10,-7.37032144018245e-05,412045.34912109375,114.45704142252606,4.642962102934609e-06,1.0,ok
483.2,1.120999999999981,483.18,0.01999999999998181,5.013116129136635,5.02670674811205,-0.00327426746653699,-3.235894042953255e-10,7.709272601923403e-05,412045.34912109375,125.90274556478127,4.860055838610811e-06,1.1000000000000227,ok
483.3,1.2210000000000036,483.28,0.020000000000038654,5.0131160202942615,5.0267065907679775,-0.003276734905635808,-3.037576896014905e-10,0.00023705674805109687,412045.34912109375,137.34844970702997,5.0513770854826015e-06,1.1999999999999886,ok
483.4,1.3209999999999695,483.38,0.01999999999998181,5.013115924384251,5.026706452125242,-0.0032805112821841665,-2.851413944912097e-10,8.86659651369656e-05,412045.34912109375,148.79415384928518,5.219961005962054e-06,1.3000000000000114,ok
483.5,1.4209999999999923,483.48,0.01999999999998181,5.013115839870043,5.026706329970145,-0.0032675567851597376,-2.676660299655298e-10,3.273068356546177e-05,412045.34912109375,160.2398579915404,5.368502310041638e-06,1.400000000000034,ok
483.6,1.521000000000015,483.58,0.020000000000038654,5.013115765397454,5.026706222293206,-0.0032628127004568795,-2.5126167224848e-10,0.00010844303146623549,412045.34912109375,171.6855621337891,5.499424003358835e-06,1.5,ok
483.7,1.620999999999981,483.68,0.01999999999998181,5.013115699773215,5.0267061273273965,-0.003247099448440887,-2.358626828731763e-10,0.00029452152174508323,412045.34912109375,183.1312662760443,5.614858164851014e-06,1.6000000000000227,ok
483.801,1.72199999999998,483.78,0.021000000000015007,5.013115641945998,5.026706043563344,-0.003233000164936178,-2.2140744614226535e-10,-9.029513894799287e-05,412045.34912109375,194.576970418293,5.716644232708352e-06,1.6999999999999886,ok
483.9,1.8209999999999695,483.88,0.01999999999998181,5.013115590989508,5.026705969711197,-0.0032315217090335855,-2.0783812264811314e-10,0.00014590299949346182,412045.34912109375,206.0226745605482,5.80636994475577e-06,1.8000000000000114,ok
484.0,1.9209999999999923,483.98,0.01999999999998181,5.013115546087442,5.026705904608231,-0.0032228906623024854,-1.951004177007734e-10,-0.00010229366407380998,412045.34912109375,217.46837870280342,5.88545592198039e-06,1.900000000000034,ok
484.126,2.0469999999999686,484.1,0.025999999999953616,5.013115499190093,5.026705836589658,-0.003220128863313426,-1.808413686404638e-10,-0.00015149563171156037,412045.34912109375,231.20322367350707,5.968074852174844e-06,2.0200000000000387,ok
484.201,2.122000000000014,484.18,0.021000000000015007,5.012389355918614,5.026713779399403,-0.0027666645624993733,-0.05099992139308151,0.06905608329389759,412045.34912109375,240.35978698730733,0.0007321547856505004,2.1000000000000227,ok
484.301,2.22199999999998,484.28,0.021000000000015007,5.0044599123652365,5.026699130463329,0.013462471484237222,-0.052384448266629025,0.3114864273527135,412045.34912109375,251.80549112955603,0.008661611870314879,2.1999999999999886,ok
484.4,2.3209999999999695,484.38,0.01999999999998181,4.997460037025811,5.026504398254226,0.052917258969075114,-0.10384595291051987,0.47569963854227615,410407.89794921875,263.2284528944241,0.01566419535077103,2.3000000000000114,ok
484.5,2.4209999999999923,484.48,0.01999999999998181,4.987657287151701,5.025784331970691,0.10557837968345275,-0.09495152004354743,0.6513763759172454,410407.89794921875,274.628672281905,0.025493356075219895,2.400000000000034,ok
484.6,2.521000000000015,484.58,0.020000000000038654,4.97725343385366,5.024410947595618,0.17167200233434984,-0.11276217797098964,0.772228167259715,410407.89794921875,286.0288916693794,0.03598746623706113,2.5,ok
484.7,2.620999999999981,484.68,0.01999999999998181,4.963930624950632,5.021677608373282,0.2566229876423917,-0.1418095559264874,1.009077418506385,410407.89794921875,297.4291110568603,0.04958777433544454,2.6000000000000227,ok
484.8,2.7210000000000036,484.78,0.020000000000038654,4.953286518320675,5.018317451347875,0.3664342057292498,-0.10159660317671375,1.2588389094781682,410407.89794921875,308.8293304443347,0.06074965863807433,2.6999999999999886,ok
484.9,2.8209999999999695,484.88,0.01999999999998181,4.94688696110589,5.015427714547251,0.4932230080859574,-0.07251266728596406,1.341290725191647,408758.97216796875,320.2066480848538,0.06777140424171063,2.8000000000000114,ok
485.0,2.9209999999999923,484.98,0.01999999999998181,4.933999813229893,5.007908072251525,0.6312126345793775,-0.17470633056834,1.5395824277899264,408758.97216796875,331.561063978411,0.08269198065931166,2.900000000000034,ok
485.1,3.021000000000015,485.08,0.020000000000038654,4.928494613858121,5.002232975013243,0.7846975818085633,0.025093608888168133,1.5509405500658822,408758.97216796875,342.91547987196185,0.09059855695926082,3.0,ok
485.2,3.120999999999981,485.18,0.01999999999998181,4.937121235110597,5.010617166593284,0.9477937725111798,0.22509361368965403,1.7344314085485872,408758.97216796875,354.2698957655191,0.10262823952716334,3.1000000000000227,ok
485.3,3.2210000000000036,485.28,0.020000000000038654,4.9546308110758535,5.037214662884168,1.1267688941000116,0.4250936181897389,1.734576563798388,410407.89794921875,365.6472134060317,0.13447179553817845,3.1999999999999886,ok
485.4,3.3209999999999695,485.38,0.01999999999998181,4.974285612064102,5.084864349508761,1.2947835835070436,0.6000000085823051,1.5704579852812917,411472.2595214844,377.0622155931274,0.18601598858947768,3.3000000000000114,ok
485.511,3.4320000000000164,485.48,0.03100000000000591,4.986825028488599,5.143683731059477,1.444795368811363,0.6000000374886155,1.4110561652302482,412507.568359375,388.50637986925307,0.2461571276731005,3.400000000000034,ok
485.6,3.521000000000015,485.58,0.020000000000038654,4.990751279300831,5.2037178400115955,1.5863243524281996,0.6000000366681546,1.415797442174117,414491.5466308594,399.992478688558,0.3063194886898971,3.5,ok
485.7,3.620999999999981,485.68,0.01999999999998181,4.986290056439458,5.263727795088942,1.7176578976507828,0.6000000358791271,1.1603020891876432,415440.36865234375,411.5193108452718,0.3664950420135179,3.6000000000000227,ok
485.8,3.7210000000000036,485.78,0.020000000000038654,4.9746276984770725,5.322778556118804,1.8234461077549982,0.6000000351524929,0.9042530597973254,416360.65673828125,423.07210286458206,0.42668642820331015,3.6999999999999886,ok
485.9,3.8209999999999695,485.88,0.01999999999998181,4.957403252880046,5.380458091530382,1.9036536337717906,0.6000000344483513,0.6492347235318919,417252.5634765625,434.65006425645754,0.4868828594216179,3.8000000000000114,ok
486.0,3.9209999999999923,485.98,0.01999999999998181,4.936207334419131,5.436795252073828,1.958338975235779,0.600000033798036,0.3936383776269834,416445.1904296875,446.2291997273803,0.5470754056171369,3.900000000000034,ok
486.1,4.021000000000015,486.08,0.020000000000038654,4.912550788082234,5.492132215181796,1.9874552563444927,0.6000000331875763,0.13799606125375205,417278.9001464844,457.8087009853788,0.607256895052032,4.0,ok
486.2,4.120999999999981,486.18,0.01999999999998181,4.887876770771833,5.547004656709757,1.9910163411919242,0.6000000326145297,-0.1173829121361468,416399.23095703125,469.3875639173747,0.6674216020609876,4.100000000000023,ok
486.3,4.221000000000004,486.28,0.020000000000038654,4.857744055372434,5.597338736593839,1.9736667958433898,0.6000000320808665,-0.37325683209205196,417176.20849609375,480.9650005764419,0.7260859024072658,4.199999999999989,ok
486.4,4.3209999999999695,486.38,0.01999999999998181,4.8333983174707384,5.6517493536937105,1.9348558158330587,0.6000000315830132,-0.44435218740655524,416948.8220214844,492.5500704447443,0.7856948799791625,4.300000000000011,ok
486.501,4.421999999999969,486.48,0.020999999999958163,4.813013630868818,5.708285098693064,1.883504755639444,0.600000031097633,-0.48387018801188925,417644.1955566406,504.141640133332,0.8457933484329466,4.400000000000034,ok
486.6,4.521000000000015,486.58,0.020000000000038654,4.795542182417776,5.765771534520561,1.8370196860881816,0.6000000306654618,-0.38375131248102395,416601.2268066406,515.7283821105958,0.9058761397722837,4.5,ok
486.7,4.620999999999981,486.68,0.01999999999998181,4.780455956244235,5.823918795415524,1.8051442254516583,0.6000000302406656,-0.3635503007643518,417243.65234375,527.3095609876872,0.9659485807893263,4.600000000000023,ok
486.8,4.721000000000004,486.78,0.020000000000038654,4.7673326680775325,5.882528037092099,1.7662751848309077,0.6000000298428894,-0.40917768932672766,417860.5651855469,538.9082306755902,1.0260090828036246,4.699999999999989,ok
486.9,4.8209999999999695,486.88,0.01999999999998181,4.7620055159634385,5.9455393483201435,1.7212474020960482,0.600000029484775,-0.32030132572582126,418452.1789550781,550.5236854553237,1.0892451792385263,4.800000000000011,ok
487.0,4.920999999999992,486.98,0.01999999999998181,4.755048574054362,6.005933298813533,1.6962709354604157,0.6000000291406915,-0.2215086607126239,419560.72998046875,562.1627536349868,1.1500385036822858,4.900000000000034,ok
487.1,5.021000000000015,487.08,0.020000000000038654,4.748137997943086,6.065572811730873,1.6676039879681248,0.6000000288049931,-0.3066606254876751,418355.0109863281,573.8004722595216,1.2100770543244135,5.0,ok
487.2,5.120999999999981,487.18,0.01999999999998181,4.743039161775442,6.125388580259461,1.6387553152562764,0.6000000285005405,-0.18402473543165876,418848.44970703125,585.4282981024876,1.2701097478749288,5.100000000000023,ok
487.301,5.22199999999998,487.28,0.021000000000015007,4.7393406437418015,6.185304122720573,1.6198258980274969,0.6000000282175888,-0.30166872931613914,419318.2373046875,597.0695020887575,1.3301393344473387,5.199999999999989,ok
487.4,5.3209999999999695,487.38,0.01999999999998181,4.741632030676525,6.2422394297108745,1.5871264469044302,0.6000000279592579,-0.12513846608928839,419764.58740234375,608.7234302096912,1.3871207317289476,5.300000000000011,ok
487.5,5.420999999999992,487.48,0.01999999999998181,4.740816715176875,6.302256714372476,1.5848189356418334,0.6000000277088424,0.1299769714248918,420588.37890625,620.3949991862021,1.447143554034431,5.400000000000034,ok
487.6,5.521000000000015,487.58,0.020000000000038654,4.739692826885223,6.362266186904259,1.5921067871808727,0.6000000274724401,-0.022785216241340563,420966.4306640625,632.0832604302302,1.5071635500227263,5.5,ok
487.701,5.622000000000014,487.68,0.021000000000015007,4.738337386952504,6.422268669829418,1.598705887297699,0.6000000272363152,0.09737473322565841,421322.2961425781,643.781714969214,1.5671813405068413,5.600000000000023,ok
487.8,5.721000000000004,487.78,0.020000000000038654,4.736249837948888,6.485200123142879,1.5993275217953273,0.600000027035107,5.7647978073657735e-05,421656.2805175781,655.4897507561567,1.6301474081702017,5.699999999999989,ok
487.9,5.8209999999999695,487.88,0.01999999999998181,4.734337828850838,6.545921376943378,1.6067046023325924,0.6000000268324548,0.030293902641615675,421968.6279296875,667.2067633734825,1.6908987574712306,5.800000000000011,ok
488.0,5.920999999999992,487.98,0.01999999999998181,4.732175284405692,6.605894730855908,1.6057873495447996,0.6000000266488923,-0.017824303757160438,422529.60205078125,678.9359054565473,1.7509110876875695,5.900000000000034,ok
488.1,6.021000000000015,488.08,0.020000000000038654,4.730046485839809,6.665867809725014,1.60798684530143,0.6000000264907908,-0.025033171564184824,422778.7170410156,690.6762987772627,1.8109219364765512,6.0,ok
488.2,6.120999999999981,488.18,0.01999999999998181,4.727906838257032,6.725839182457044,1.604883043427823,0.6000000263148279,0.004473204896517164,423007.26318359375,702.4233262803849,1.8709314660459668,6.100000000000023,ok
488.3,6.221000000000004,488.28,0.020000000000038654,4.725124472767182,6.786150025678379,1.6156736959039264,0.6000000261644102,0.17175022039016938,423215.4541015625,714.1764195760081,1.9313064556342685,6.199999999999989,ok
488.4,6.3209999999999695,488.38,0.01999999999998181,4.721773527486067,6.846126390986708,1.6290086704140414,0.600000026020456,-0.015694979328320847,423403.4423828125,725.935015360516,1.9913763584964772,6.300000000000011,ok
488.5,6.420999999999992,488.48,0.01999999999998181,4.718351807200967,6.906035340943886,1.6254077304970647,0.6000000258866582,-0.04103018387959833,423719.78759765625,737.7006157769141,2.0513829452572745,6.400000000000034,ok
488.6,6.521000000000015,488.58,0.020000000000038654,4.715100289388137,6.965952996166671,1.6260338205034162,0.6000000257596395,0.01082424941625271,423848.5107421875,749.4723976982968,2.1113887597712337,6.5,ok
488.7,6.620999999999981,488.68,0.01999999999998181,4.711757045003073,7.025864919554607,1.627156246663603,0.6000000256488447,0.04421917832638928,423957.8552246094,761.247486114505,2.171393891610604,6.600000000000023,ok
488.8,6.721000000000004,488.78,0.020000000000038654,4.708242528188205,7.085766352337149,1.6348779255830697,0.6000000255324859,0.1917245026667459,424047.9431152344,773.0253444247766,2.231398337094613,6.699999999999989,ok
488.9,6.8209999999999695,488.88,0.01999999999998181,4.7061640889892535,7.145514199824247,1.6516644806436083,0.6000000254285942,0.16992715708716358,424119.0185546875,784.8054411146393,2.291182324824149,6.800000000000011,ok
489.001,6.921999999999969,488.98,0.020999999999958163,4.700943482882852,7.205289782213805,1.6635793073719798,0.600000025353807,0.03469299097929752,424204.77294921875,796.5877159966407,2.3511854495605244,6.900000000000034,ok
489.1,7.021000000000015,489.08,0.020000000000038654,4.695321200661914,7.265029002226566,1.6630610189950539,0.6000000252395222,-0.13372522304752615,422534.1796875,808.3479792277022,2.411188653350863,7.0,ok
489.2,7.120999999999981,489.18,0.01999999999998181,4.690232253733994,7.324814528851822,1.6394629320423,0.6000000251535853,-0.3885709835624189,422536.56005859375,820.0850728352896,2.471190374781955,7.100000000000023,ok
489.301,7.22199999999998,489.28,0.021000000000015007,4.68713510078663,7.384732264449681,1.5958627421833451,0.6000000250743364,-0.41596512631295507,422521.484375,831.8219901190855,2.5311881030352343,7.199999999999989,ok
489.401,7.322000000000003,489.38,0.021000000000015007,4.687270951532197,7.439096790871713,1.554878137515316,0.6000000249971892,-0.30092291090016454,422489.2883300781,843.5582508511031,2.585552799194754,7.300000000000011,ok
489.5,7.420999999999992,489.48,0.01999999999998181,4.689010233827673,7.497667752806214,1.5325216216013096,0.6000000249488414,-0.17527191716503063,422440.3076171875,855.2933841281512,2.6441495796936523,7.400000000000034,ok
489.6,7.521000000000015,489.58,0.020000000000038654,4.69163448212423,7.557611649291832,1.5227555313645529,0.6000000248707442,-0.006794601654645044,422293.3654785156,867.0257962544764,2.7041508913876524,7.5,ok
489.7,7.620999999999981,489.68,0.01999999999998181,4.694421945514932,7.617548219981713,1.5295895797550698,0.6000000247967365,0.1097961981051731,422196.3195800781,878.7548196580707,2.764152245190859,7.600000000000023,ok
489.8,7.721000000000004,489.78,0.020000000000038654,4.695942668638603,7.682334334344772,1.541774948900179,0.6000000247379366,0.132210626604595,422084.1369628906,890.4809371100523,2.828956205047354,7.699999999999989,ok
489.9,7.8209999999999695,489.88,0.01999999999998181,4.697179873584385,7.7435238953191465,1.5553846115657928,0.6000000246827402,0.13942727579663447,421957.33642578125,902.2037353515643,2.8901582724006265,7.800000000000011,ok
490.0,7.920999999999992,489.98,0.01999999999998181,4.69777561265417,7.803521483697674,1.5673885447107976,0.6000000246309266,0.014735230739790911,421662.1398925781,913.9206725226553,2.9501588183671297,7.900000000000034,ok
490.1,8.021000000000015,490.08,0.020000000000038654,4.69806443055392,7.863521551632503,1.5602088235686613,0.6000000245822885,-0.12456296938161374,421494.9645996094,925.6311878628206,3.0101595814286384,8.0,ok
490.2,8.120999999999981,490.18,0.01999999999998181,4.699033141554529,7.923513947154201,1.5428500144867552,0.6000000245366313,-0.3084717632142681,421315.5822753906,937.3368899027539,3.0701597974402044,8.100000000000023,ok
490.303,8.22399999999999,490.28,0.023000000000024556,4.70142538252054,7.983464913271462,1.5163174687203067,0.6000000244937722,-0.13253800762015083,422688.9343261719,949.0591748555494,3.130158473719206,8.199999999999989,ok
490.4,8.32099999999997,490.38,0.01999999999998181,4.705556325328698,8.043286623083688,1.5051890572106439,0.6000000244535418,-0.12517669453304975,422475.4333496094,960.797568851049,3.190122643465334,8.300000000000011,ok
490.5,8.420999999999992,490.48,0.01999999999998181,4.710060902326529,8.103108246290702,1.4861548128187232,0.6000000244385122,-0.18958665631403684,422018.310546875,972.5266486273918,3.250113624596262,8.400000000000034,ok
490.6,8.521000000000015,490.58,0.020000000000038654,4.7155774606628,8.162853805947591,1.4698730284169645,0.6000000243803225,-0.046410629138997045,421776.2451171875,984.2460174560553,3.3101133272171284,8.5,ok
490.7,8.620999999999981,490.68,0.01999999999998181,4.721667713570337,8.22254435225116,1.4667438195408486,0.6000000243484641,-0.12999724777965863,421526.3366699219,995.9585533142122,3.3701137647030026,8.600000000000023,ok
490.8,8.721000000000004,490.78,0.020000000000038654,4.728137888839757,8.282194685245843,1.4583101404207708,0.600000024315803,-0.09984980053929643,421269.4396972656,1007.6640502081968,3.4301139763225748,8.699999999999989,ok
490.9,8.82099999999997,490.88,0.01999999999998181,4.73523375184662,8.341773199329952,1.4380908027144697,0.6000000242864777,-0.3554780360411627,421006.34765625,1019.3623250325538,3.4901135647568506,8.800000000000011,ok
491.0,8.920999999999992,490.98,0.01999999999998181,4.744065694616731,8.401116416247561,1.40048751357528,0.6000000242703184,-0.30710480399943524,420465.2099609375,1031.0494299994618,3.5501104030670896,8.900000000000034,ok
491.1,9.021000000000015,491.08,0.020000000000038654,4.754841018274373,8.460139952529323,1.380002723219498,0.6000000242331088,-0.05171565228662892,421623.10791015625,1042.7451010810007,3.610109448352256,9.0,ok
491.2,9.120999999999981,491.18,0.01999999999998181,4.766221488178681,8.519051055869406,1.3850794486474276,0.6000000242088516,0.20387398155417957,421330.99365234375,1054.452796936038,3.670109724951525,9.100000000000023,ok
491.3,9.221000000000004,491.28,0.020000000000038654,4.776765424243881,8.572609511251084,1.4089250323261169,0.600000024186081,0.21082118840003933,421037.3229980469,1066.1523568895118,3.7246961951673048,9.199999999999989,ok
491.4,9.32099999999997,491.38,0.01999999999998181,4.786060071222943,8.630508247211651,1.4206148257893947,0.600000024164706,0.09840482944068843,420743.0725097656,1077.8437512715675,3.7833362334372174,9.300000000000011,ok
491.5,9.420999999999992,491.48,0.01999999999998181,4.794706534105648,8.689881557796497,1.435087805875181,0.6000000241602729,0.0839148537173148,420449.2492675781,1089.526977962922,3.8433358278540677,9.400000000000034,ok
491.6,9.521000000000015,491.58,0.020000000000038654,4.8025938126127015,8.7493607620013,1.4470662325420005,0.6000000241258057,0.15987074875032667,421518.61572265625,1101.2209760877824,3.9033357019796404,9.5,ok
491.7,9.620999999999981,491.68,0.01999999999998181,4.8097074497327466,8.808937441378474,1.4546565935908728,0.6000000241081247,-0.07293433489987054,420916.32080078125,1112.9214613172774,3.963335573301887,9.600000000000023,ok
491.8,9.721000000000004,491.78,0.020000000000038654,4.816955382789953,8.86849762084192,1.4371694372174237,0.6000000240915274,-0.3285866281859937,420622.4670410156,1124.6095000372984,4.023335135894623,9.699999999999989,ok
491.9,9.82099999999997,491.88,0.01999999999998181,4.82645796701512,8.934563729798937,1.3993394484392518,0.6000000240759473,-0.39923318436585914,420335.51025390625,1136.289471944175,4.09008114596022,9.800000000000011,ok
492.003,9.923999999999978,491.96,0.043000000000006366,4.83526169993563,8.98174708472928,1.362208014884424,0.6000000240641735,-0.4700021073262083,420057.0983886719,1145.6271675957573,4.138078798984284,9.879999999999995,ok
492.1,10.021000000000015,492.08,0.020000000000038654,4.851622658001174,9.051857121363867,1.3151578587161163,0.6000000240475931,-0.37518717202202645,420786.68212890625,1159.6412306043842,4.21007253611277,10.0,ok
492.2,10.120999999999981,492.18,0.01999999999998181,4.86765039530922,9.10967358941889,1.2789002305961024,0.6000000240347055,-0.35238217275969536,420529.8767089844,1171.3261828104687,4.270069472214319,10.100000000000023,ok
492.3,10.221000000000004,492.28,0.020000000000038654,4.884237481985979,9.170219877384904,1.2418516710404124,0.6000000240226079,-0.4262227026510326,420290.1916503906,1183.004239315456,4.332846732674503,10.199999999999989,ok
492.4,10.32099999999997,492.38,0.01999999999998181,4.904086680681354,9.227526721153964,1.2071040090623886,0.6000000240211991,-0.30422128714203434,421261.8408203125,1194.692461988663,4.393493785625327,10.300000000000011,ok
492.5,10.420999999999992,492.48,0.01999999999998181,4.926179383352945,9.283308354817798,1.172590857725808,0.6000000240005914,-0.3194613386037736,421044.98291015625,1206.391167873811,4.4534911036115625,10.400000000000034,ok
492.6,10.521000000000015,492.58,0.020000000000038654,4.950037821203171,9.338359467083935,1.1508674367975222,0.6000000239905844,-0.08398530753827751,421994.68994140625,1218.1000522189674,4.51348985375181,10.5,ok
492.7,10.620999999999981,492.68,0.01999999999998181,4.974684738423432,9.393063490972278,1.1429541091987323,0.6000000239925594,-0.007758042889537381,421808.0139160156,1229.81953421699,4.5734898600688,10.600000000000023,ok
492.8,10.721000000000004,492.78,0.020000000000038654,5.001528110888161,9.438787522833952,1.1435232140341587,0.6000000239723727,-0.03386592654470908,422736.1755371094,1241.5493146260571,4.6265111174564515,10.699999999999989,ok
492.9,10.82099999999997,492.88,0.01999999999998181,5.027119662197311,9.491040708918915,1.129128719212674,0.6000000239640957,-0.28967613830471545,422586.5478515625,1253.289908006458,4.684694645661938,10.800000000000011,ok
493.0,10.920999999999992,492.98,0.01999999999998181,5.053457453122219,9.544948291915508,1.0981912303470593,0.6000000239563253,-0.2560066741667645,423491.0888671875,1265.040986294221,4.744692201739988,10.900000000000034,ok
493.1,11.021000000000015,493.08,0.020000000000038654,5.0812524851083385,9.598120903730997,1.0799592564029667,0.6000000239490313,-0.04603648519456066,423383.85009765625,1276.8031382242843,4.804691288819627,11.0,ok
493.2,11.120999999999981,493.18,0.01999999999998181,5.109524600257044,9.651042521043038,1.0840180278226574,0.6000000239421842,0.06594253981033434,424198.05908203125,1288.575109185116,4.864691372768767,11.100000000000023,ok
493.3,11.221000000000004,493.28,0.020000000000038654,5.137426032659196,9.704160316640046,1.0950961135315826,0.6000000239357569,0.2430389893590175,424184.50927734375,1300.3582004123255,4.924691290595188,11.199999999999989,ok
493.4,11.32099999999997,493.38,0.01999999999998181,5.164273916018816,9.7578157470835,1.12957805092925,0.6000000239425132,0.49478447838962436,425021.7590332031,1312.1527319166412,4.984688907689237,11.300000000000011,ok
493.5,11.420999999999992,493.48,0.01999999999998181,5.188862919111434,9.81254036633784,1.1728001154828336,0.6000000239240597,0.3348256656124473,425056.15234375,1323.959369574657,5.044683932696493,11.400000000000034,ok
493.6,11.521000000000015,493.58,0.020000000000038654,5.211439710420729,9.868128635800915,1.1999107222954128,0.6000000239187431,0.18997144200524738,425843.75,1335.7774237738718,5.104681992729487,11.5,ok
493.7,11.620999999999981,493.68,0.01999999999998181,5.232868728887961,9.924171113489328,1.2108665819661122,0.6000000239364898,0.06559366324489944,425921.2951660156,1347.6074938456247,5.164681677211369,11.600000000000023,ok
493.8,11.721000000000004,493.78,0.020000000000038654,5.2538180766067795,9.980394798737636,1.2217434065126263,0.6000000239318048,0.15911186174063333,426652.9846191406,1359.448803287081,5.224681493483961,11.699999999999989,ok
493.9,11.82099999999997,493.88,0.01999999999998181,5.274078059139844,10.036870545151157,1.2284184229664112,0.6000000239089329,-0.06620854761274755,426768.3410644531,1371.3018772549115,5.2846813003603526,11.800000000000011,ok
494.0,11.920999999999992,493.98,0.01999999999998181,5.2944486862540385,10.093306324145628,1.2138205658846277,0.6000000239019626,-0.29348823141694724,426939.5751953125,1383.158931647411,5.344680963690561,11.900000000000034,ok
494.1,12.021000000000015,494.08,0.020000000000038654,5.316187318198402,10.149226242880836,1.175341786258045,0.6000000238966663,-0.44241146051956676,427596.00830078125,1395.027481418186,5.4046776755185,12.0,ok
494.2,12.120999999999981,494.18,0.01999999999998181,5.340271226256119,10.204175441137581,1.132854977373221,0.6000000238930285,-0.3221673732652719,428074.462890625,1406.9117935180693,5.464673083812732,12.100000000000023,ok
494.3,12.221000000000004,494.28,0.020000000000038654,5.366303272038547,10.25823244446023,1.1108391321881927,0.600000023893877,-0.06656151104221651,428675.23193359375,1418.8110948350684,5.524671642260776,12.199999999999989,ok
494.4,12.32099999999997,494.38,0.01999999999998181,5.38976893702372,10.321687604273928,1.1199728028048406,0.6000000238864083,0.18867987163130684,429000.4577636719,1430.7232571919776,5.592326610594064,12.300000000000011,ok
494.5,12.420999999999992,494.48,0.01999999999998181,5.41455960338206,10.378319284503096,1.1425967772409957,0.6000000238833992,0.16509965350526828,429603.1188964844,1442.6483068678158,5.65414670719759,12.400000000000034,ok
494.6,12.521000000000015,494.58,0.020000000000038654,5.439189303673131,10.433030713258253,1.1534933974953965,0.6000000238805746,0.07048090337651076,430014.6789550781,1454.5874429490834,5.714146395303934,12.5,ok
494.7,12.620999999999981,494.68,0.01999999999998181,5.463341430131651,10.487954831684045,1.1615504030033483,0.6000000238779231,0.049388023993702235,430657.3791503906,1466.5412215338843,5.7741462619481085,12.600000000000023,ok
494.8,12.721000000000004,494.78,0.020000000000038654,5.487220068235327,10.542998519851698,1.1562709026986184,0.600000023875434,-0.13367142278605745,431201.0498046875,1478.5114774915896,5.834146236654639,12.699999999999989,ok
494.901,12.822000000000003,494.88,0.021000000000015007,5.5148430454708945,10.594069457964915,1.139764405766589,0.6000000238745187,-0.08013016780955283,431914.8254394531,1490.4991979810943,5.892208871723335,12.800000000000011,ok
495.001,12.921999999999969,494.98,0.020999999999958163,5.540834446050663,10.647527595572697,1.1379738040247955,0.6000000238751676,0.08516874838641941,432646.05712890625,1502.5069880167687,5.951650653161904,12.900000000000034,ok
495.1,13.021000000000015,495.08,0.020000000000038654,5.565814916020701,10.702079924657955,1.1471426846641273,0.6000000238688454,0.16956038781674412,434418.8537597656,1514.5495562235517,6.011650490566269,13.0,ok
495.2,13.120999999999981,495.18,0.01999999999998181,5.590015467263681,10.756981482065619,1.1705348284625217,0.6000000238669128,0.2597402527749321,435620.60546875,1526.6334376017282,6.071649221271603,13.100000000000023,ok
495.3,13.221000000000004,495.28,0.020000000000038654,5.612792173155645,10.812488181511986,1.2009631721017446,0.6000000238650985,0.43599632905850516,436548.8586425781,1538.7469023810481,6.131647321364175,13.199999999999989,ok
495.4,13.32099999999997,495.38,0.01999999999998181,5.631521384290021,10.869889385894965,1.2562160472598691,0.6000000238747641,0.5093992615522429,438089.3249511719,1550.8946549309642,6.192026801440875,13.300000000000011,ok
495.5,13.420999999999992,495.48,0.01999999999998181,5.648512275834519,10.927530871047429,1.2977563590886112,0.6000000238617968,0.2542839504501117,439950.8056640625,1563.0896567450675,6.252120321940664,13.400000000000034,ok
495.6,13.521000000000015,495.58,0.020000000000038654,5.664222116468607,10.985436905587488,1.312934068713957,0.6000000238617172,-0.0019463473979142235,440895.01953125,1575.3236265394426,6.312119554676616,13.5,ok
495.7,13.620999999999981,495.68,0.01999999999998181,5.679465029004522,11.043468344287934,1.3197292337845643,0.6000000238588874,0.2132158903337202,443145.4162597656,1587.6019659254316,6.372119506845107,13.600000000000023,ok
495.8,13.721000000000004,495.78,0.020000000000038654,5.6937553231198885,11.101739638828697,1.3512748367167862,0.6000000238604072,0.46875277994192066,448922.8820800781,1599.9918034023697,6.432117475755396,13.699999999999989,ok
495.9,13.82099999999997,495.88,0.01999999999998181,5.70560107557068,11.160551410208116,1.406934196871812,0.6000000238563238,0.5705739334130832,449429.7790527344,1612.4689236958839,6.49211036119951,13.800000000000011,ok
496.0,13.920999999999992,495.98,0.01999999999998181,5.714034458636231,11.219947897257725,1.4633599561411272,0.6000000238551585,0.4886542988849989,452850.89111328125,1625.0005996704147,6.5521025658911585,13.900000000000034,ok
496.1,14.021000000000015,496.08,0.020000000000038654,5.7194229958345115,11.279701344675379,1.5031135707929153,0.6000000238540646,0.3896972299136421,456741.7297363281,1637.6338305155439,6.612098489181259,14.0,ok
496.2,14.120999999999981,496.18,0.01999999999998181,5.722549575587185,11.339616184927257,1.5403513615253763,0.6000000238530379,0.3333816124613538,461122.74169921875,1650.3819481743737,6.6720948522656816,14.100000000000023,ok
496.3,14.221000000000004,496.28,0.020000000000038654,5.723632248172878,11.399604354196583,1.5671531293970602,0.600000023852074,0.12412471602183511,466000.8544921875,1663.258664788139,6.732092790832045,14.199999999999989,ok
496.4,14.32099999999997,496.38,0.01999999999998181,5.7236755405021995,11.459604281781358,1.5693441224412479,0.6000000238511691,-0.08535350580406013,477178.40576171875,1676.3583767361129,6.792092734035385,14.300000000000011,ok
496.5,14.420999999999992,496.48,0.01999999999998181,5.723850186822863,11.519604023246453,1.56886327199557,0.6000000238602674,-0.018755057025648038,483377.8991699219,1689.699436526833,6.852092729678848,14.400000000000034,ok
496.619,14.54000000000002,496.6,0.019000000000005457,5.7240327776086,11.59160380172501,1.5708073139410061,0.600000023849369,0.10427710601119176,489865.1428222656,1705.92015389337,6.9240927396813206,14.520000000000039,ok
496.7,14.620999999999981,496.68,0.01999999999998181,5.723919852989474,11.639603626180433,1.574396845202419,0.6000000238715114,-0.011011453704837321,496506.4697265625,1716.8798384772438,6.972092696970063,14.600000000000023,ok
496.8,14.721000000000004,496.78,0.020000000000038654,5.7236389126046845,11.699602919848594,1.579790207764882,0.6000000238480715,0.07046078281473805,503133.1787109375,1730.7637224833154,7.032092648371527,14.699999999999989,ok
496.9,14.82099999999997,496.88,0.01999999999998181,5.720157427071231,11.759685224797682,1.5896296584386398,0.5944000349434662,0.07966565032723917,515525.7568359375,1744.911763254803,7.092275736606635,14.800000000000011,ok
497.0,14.920999999999992,496.98,0.01999999999998181,5.71813794057848,11.813805283791373,1.6023896083824911,0.5718658284352133,0.19257373369379205,520844.54345703125,1759.3057952033196,7.146433460997298,14.900000000000034,ok
497.1,15.021000000000015,497.08,0.020000000000038654,5.715734572426711,11.873463249122759,1.630450250563787,0.6000000239599522,0.3687639968014195,525285.2172851562,1773.8353752136227,7.206139817492681,15.0,ok
497.2,15.120999999999981,497.18,0.01999999999998181,5.7112519105872135,11.933292112829383,1.669171450014677,0.600000023931092,0.41754791503970423,528658.3862304688,1788.4734808180096,7.266136377307332,15.100000000000023,ok
497.3,15.221000000000004,497.28,0.020000000000038654,5.704366458320296,11.992891701256593,1.7099113041814777,0.6000000239253445,0.38680581552750265,530819.1528320312,1803.1884466383171,7.3261323804543155,15.199999999999989,ok
497.4,15.32099999999997,497.38,0.01999999999998181,5.698648372110185,12.057454358521918,1.7385832412423778,0.6000000239426865,0.25157445102787546,559415.4663085938,1818.3305941263848,7.390947758437215,15.300000000000011,ok
497.5,15.420999999999992,497.48,0.01999999999998181,5.688978334127153,12.117791651780884,1.7602214080513123,0.6000000239148845,0.20811284701333344,556907.8369140625,1833.8350844489253,7.452055029628226,15.400000000000034,ok
497.6,15.521000000000015,497.58,0.020000000000038654,5.677158345198379,12.176614654644577,1.7857867651943584,0.6000000239115513,0.38887437768342636,552775.3295898438,1849.2473506503632,7.512053844651345,15.5,ok
497.7,15.620999999999981,497.68,0.01999999999998181,5.663446701957692,12.235023283763693,1.8245425993027773,0.6000000239198782,0.3282931712581373,547244.9951171875,1864.525410715742,7.572050320513968,15.600000000000023,ok
497.8,15.721000000000004,497.78,0.020000000000038654,5.647720153533019,12.292923908510044,1.8495574810448596,0.6000000239014779,0.12221409898097592,569468.3837890625,1880.0353187561013,7.632048709420433,15.699999999999989,ok
497.9,15.82099999999997,497.88,0.01999999999998181,5.623172161498163,12.349657369038304,1.8629312059610206,0.6000000238975453,0.15980881931906235,559188.8427734375,1895.711113569473,7.693865288559488,15.800000000000011,ok
498.003,15.923999999999978,497.98,0.022999999999967713,5.603489782029262,12.406740605037884,1.8839704837116116,0.6000000238938538,0.3338150324232536,537244.9951171875,1910.9393613179573,7.754246509926246,15.900000000000034,ok
498.1,16.021000000000015,498.08,0.020000000000038654,5.584214106008578,12.463557022463377,1.9190804283309755,0.6000000238989148,0.3136209794074518,547551.0864257812,1926.0059735616044,7.8142436513175015,16.0,ok
498.203,16.123999999999967,498.18,0.022999999999967713,5.56313911854833,12.51973251216739,1.9428756861664156,0.6000000238871354,0.22079543378650757,533784.1796875,1941.0245189242924,7.874242324135618,16.100000000000023,ok
498.3,16.221000000000004,498.28,0.020000000000038654,5.540833258212235,12.575430990031153,1.965722242004091,0.6000000238855029,0.31039941334769944,538446.2890625,1955.9166087680373,7.934241256140058,16.19999999999999,ok
498.4,16.32099999999997,498.38,0.01999999999998181,5.515792304492216,12.623467780861166,2.000583146913635,0.6000000238812153,0.3496332554390312,523648.98681640625,1970.6679320441367,7.988413044337001,16.30000000000001,ok
498.5,16.420999999999992,498.48,0.01999999999998181,5.489696557003418,12.675876627073434,2.0339564792623537,0.600000023887051,0.22155938889123133,523437.92724609375,1985.2108058505637,8.046959395190836,16.400000000000034,ok
498.6,16.521000000000015,498.58,0.020000000000038654,5.462523943035069,12.729370525956774,2.045926076275371,0.6000000238774198,-0.033718083935054474,509388.8854980469,1999.5556226942274,8.106958963252731,16.5,ok
498.7,16.62099999999998,498.68,0.01999999999998181,5.435219552483886,12.782797700006517,2.040007931876148,0.6000000238736276,0.04286555583763088,506010.92529296875,2013.6583978441058,8.166958902171976,16.600000000000023,ok
498.8,16.721000000000004,498.78,0.020000000000038654,5.407909487223463,12.836221845527943,2.050661523215827,0.6000000238714018,0.16521116931733326,493973.388671875,2027.5470688713906,8.226958727081913,16.69999999999999,ok
498.9,16.82099999999997,498.88,0.01999999999998181,5.378805418302367,12.881902302455972,2.0663677703795713,0.6000000238693125,0.06500187825858184,489197.3571777344,2041.202218119305,8.281122838566525,16.80000000000001,ok
499.0,16.920999999999992,498.98,0.01999999999998181,5.34985213665012,12.932754327172917,2.0709412142698227,0.6000000238673512,-0.07057646909233817,483528.5949707031,2054.7123007880364,8.33963968175075,16.900000000000034,ok
499.1,17.021000000000015,499.08,0.020000000000038654,5.321326148142749,12.985538966995462,2.0565021193125497,0.6000000238655101,-0.17864193281307034,474817.19970703125,2068.022659047445,8.399639266928636,17.0,ok
499.2,17.12099999999998,499.18,0.01999999999998181,5.293613658796338,13.038755328129247,2.047214471336196,0.6000000238637818,0.007171998247539275,469679.1076660156,2081.140663316518,8.459638959911986,17.100000000000023,ok
499.3,17.221000000000004,499.28,0.020000000000038654,5.266113612881053,13.092082165962275,2.045509589170928,0.6000000238621594,-0.028947943079530265,463519.9890136719,2094.101761881509,8.519638994567083,17.19999999999999,ok
499.4,17.32099999999997,499.38,0.01999999999998181,5.238880261878111,13.145168418755993,2.0509539620633905,0.6000000238648998,0.13728930858134614,459319.1223144531,2106.9189717610693,8.579303101386243,17.30000000000001,ok
499.5,17.420999999999992,499.48,0.01999999999998181,5.2112816689973,13.19796704171483,2.054420512643545,0.600000023859207,-0.054742672763669155,455191.9250488281,2119.6205140855623,8.638879748785623,17.400000000000034,ok
499.601,17.52199999999999,499.58,0.021000000000015007,5.183928728838907,13.250890170005833,2.041141285697924,0.600000023857865,-0.09509714187137289,449364.0441894531,2132.1837914360895,8.69845357561767,17.5,ok
499.7,17.62099999999998,499.68,0.01999999999998181,5.156919040119306,13.304371528327515,2.0381785491154574,0.6000000238793427,-0.0010839055214163736,447405.6396484375,2144.6389259338407,8.758368339847047,17.600000000000023,ok
499.8,17.721000000000004,499.78,0.020000000000038654,5.129865745334494,13.357926364221756,2.0421488289198493,0.6000000238554228,0.11604607864459919,445482.36083984375,2157.0401481628405,8.818368349900155,17.69999999999999,ok
499.9,17.82099999999997,499.88,0.01999999999998181,5.104842666021725,13.420286656852442,2.046021548940634,0.6000000238543127,0.031743735542261245,444413.2080078125,2169.399808841283,8.885561806391676,17.80000000000001,ok
500.0,17.920999999999992,499.98,0.01999999999998181,5.0780376480649885,13.475884713038706,2.043645870684474,0.6000000238518496,-0.017549128840882347,443043.212890625,2181.7255924648753,8.947284191628736,17.900000000000034,ok
500.1,18.021000000000015,500.08,0.020000000000038654,5.050749735404123,13.529320384079469,2.041730980022331,0.6000000238565558,-0.07645867635708381,442598.2971191406,2194.0261689927843,9.007284200936766,18.0,ok
500.2,18.12099999999998,500.18,0.01999999999998181,5.023799987886234,13.582926752535561,2.0246900839618376,0.6000000238513744,-0.22553008926243628,441640.7775878906,2206.307267252607,9.067283631186797,18.100000000000023,ok
500.3,18.221000000000004,500.28,0.020000000000038654,4.997978069140835,13.637084724403687,2.003552844840559,0.6000000238505124,-0.15676082501537578,440828.4912109375,2218.563784874809,9.127282442879718,18.19999999999999,ok
500.401,18.322000000000003,500.38,0.021000000000015007,4.972976633388222,13.693012305751308,1.989508802472742,0.600000023861072,-0.03893170070953085,440969.3908691406,2230.8109776814795,9.188543900135375,18.30000000000001,ok
500.502,18.423000000000002,500.48,0.02199999999999136,4.948566484811887,13.74816819895179,1.9866243295106507,0.6000000238503649,-0.1262200580633394,440417.9382324219,2243.0524683634485,9.248859966885966,18.400000000000034,ok
500.6,18.521000000000015,500.58,0.020000000000038654,4.92455830696738,13.803155310927723,1.9774106754459337,0.6000000238610206,-0.10584271090622316,441299.2858886719,2255.2985409206817,9.308859759276167,18.5,ok
500.7,18.62099999999998,500.68,0.01999999999998181,4.901158882896025,13.858403702494554,1.9601034801255008,0.6000000238475616,-0.17529994194683166,441875.6408691406,2267.5648593478763,9.368859074418866,18.600000000000023,ok
500.8,18.721000000000004,500.78,0.020000000000038654,4.878705087798112,13.914043410241595,1.9468989409196733,0.6000000238483544,-0.14267764143022182,441632.2326660156,2279.8358020358605,9.428858657688046,18.69999999999999,ok
500.9,18.82099999999997,500.88,0.01999999999998181,4.86011038697508,13.970257421037285,1.9234822360294144,0.6000000238463435,-0.2838790256125029,442323.9440917969,2292.1129711574995,9.488068267621198,18.80000000000001,ok
501.001,18.92199999999997,500.98,0.020999999999958163,4.840785589895378,14.026856419266824,1.892930880102494,0.60000002384579,-0.41437086313807875,442166.1376953125,2304.397555626768,9.547875410863114,18.900000000000034,ok
501.1,19.021000000000015,501.08,0.020000000000038654,4.822803802136772,14.084093313784622,1.846240242576688,0.6000000238452703,-0.5736605351669168,442936.1572265625,2316.690643056234,9.607870467201424,19.0,ok
501.201,19.122000000000014,501.18,0.021000000000015007,4.807887713871444,14.14220018143641,1.7834251161239307,0.6000000238447825,-0.6649758676459074,443742.1875,2329.005620066328,9.667861281143573,19.100000000000023,ok
501.3,19.221000000000004,501.28,0.020000000000038654,4.796705624244074,14.201139915235782,1.7236502224616133,0.6000000238556932,-0.5243890376182917,444510.80322265625,2341.342467159694,9.727852375055713,19.19999999999999,ok
501.4,19.32099999999997,501.38,0.01999999999998181,4.788680906482004,14.257910820731169,1.681424061469738,0.6000000238438946,-0.26902866024572064,445380.55419921875,2353.702069346112,9.785187633020834,19.30000000000001,ok
501.5,19.420999999999992,501.48,0.01999999999998181,4.782573226242167,14.316926833396755,1.6647499016987746,0.6000000238548597,-0.012939223621834563,446268.37158203125,2366.0860822041877,9.844518851690744,19.400000000000034,ok
501.6,19.521000000000015,501.58,0.020000000000038654,4.776853778086924,14.376653500196632,1.6727176797771164,0.6000000238431124,0.09368736539959285,447171.2951660156,2378.494966464573,9.904518741809177,19.5,ok
501.7,19.62099999999998,501.68,0.01999999999998181,4.770556099933337,14.436321949766706,1.6796372384106186,0.6000000238654941,0.04942259127103848,448086.7004394531,2390.9291052924295,9.964518613677562,19.600000000000023,ok
501.8,19.721000000000004,501.78,0.020000000000038654,4.76593792766361,14.493352180221944,1.6842226801211961,0.6000000238424229,0.11401365736529423,449012.2985839844,2403.3888136121955,10.021735522899316,19.69999999999999,ok
501.907,19.827999999999975,501.88,0.026999999999986812,4.7594564499556355,14.552267301198519,1.690687520643157,0.6000000238420493,0.037120858520937064,450886.4440917969,2415.887407260473,10.081006097664233,19.80000000000001,ok
502.0,19.920999999999992,501.98,0.01999999999998181,4.752175061073333,14.611823722078963,1.6998553823366074,0.6000000238418155,0.1904900082414376,451831.72607421875,2428.425159623893,10.14100598009865,19.900000000000034,ok
502.1,20.021000000000015,502.08,0.020000000000038654,4.744020435676391,14.671266218149283,1.7177701202608722,0.6000000238529081,0.2147349287014711,451775.45166015625,2440.9752593146436,10.201005215547399,20.0,ok
502.201,20.122000000000014,502.18,0.021000000000015007,4.734610540868674,14.730521748876713,1.7472815747015071,0.6000000238526488,0.3188258222317643,452716.1560058594,2453.5376427544525,10.261003249199192,20.100000000000023,ok
502.3,20.221000000000004,502.28,0.020000000000038654,4.723410889332594,14.78946546005352,1.7731489123212585,0.6000000238410369,0.160873012305018,453658.5998535156,2466.1261810302726,10.321001526522998,20.19999999999999,ok
502.4,20.32099999999997,502.38,0.01999999999998181,4.708265627132328,14.85100932122027,1.786884882410623,0.6000000238408085,0.07076636826978908,455545.22705078125,2478.754011959502,10.384381537681303,20.30000000000001,ok
502.5,20.420999999999992,502.48,0.01999999999998181,4.695240290736536,14.909578325915719,1.792030876311519,0.6000000238405941,-0.05452740510156716,455486.083984375,2491.4072246127707,10.444381435174876,20.400000000000034,ok
502.601,20.52199999999999,502.58,0.021000000000015007,4.682311807073391,14.968168510052985,1.7800516601822505,0.6000000238403929,-0.06465536298739089,456420.6848144531,2504.072596401639,10.504381063232614,20.5,ok
502.7,20.62099999999998,502.68,0.01999999999998181,4.669927802801642,15.026876555462405,1.7797785281650056,0.600000023840204,0.04724987914235908,457354.00390625,2516.763911522763,10.564381047879255,20.600000000000023,ok
502.8,20.721000000000004,502.78,0.020000000000038654,4.657452823105232,15.085565336864425,1.7763254434856737,0.600000023847132,-0.18261055392622785,458285.6140136719,2529.481128438313,10.62438103271992,20.69999999999999,ok
502.9,20.82099999999997,502.88,0.01999999999998181,4.6447002356793785,15.142977608866156,1.7635556917903437,0.6000000238398602,-0.0613018077711281,458240.90576171875,2542.2106634351962,10.683192574635218,20.80000000000001,ok
503.0,20.920999999999992,502.98,0.01999999999998181,4.632198622395365,15.200094021292834,1.7489633600870815,0.600000023839704,-0.27066080365250444,460085.0524902344,2554.965190633143,10.741661155113945,20.900000000000034,ok
503.1,21.021000000000015,503.08,0.020000000000038654,4.62192075884392,15.258879368422079,1.7245170691598024,0.6000000238395573,-0.13767834042706692,461003.5095214844,2567.7580873277457,10.801338215332155,21.0,ok
503.204,21.125,503.2,0.004000000000019099,4.611283819937496,15.330088816386933,1.7086407637596968,0.600000023839393,-0.2516511778426303,461919.12841796875,2583.140131293404,10.873337728863556,21.120000000000005,ok
503.3,21.221000000000004,503.28,0.020000000000038654,4.606637244266513,15.379543724833901,1.6881727624008178,0.6000000238421325,-0.1998998291389367,462831.84814453125,2593.4151421440965,10.92301044405977,21.19999999999999,ok
503.4,21.32099999999997,503.38,0.01999999999998181,4.6004998060350895,15.439633801972365,1.6717531739443994,0.600000023839169,-0.0262166558840903,463741.4855957031,2606.284216223825,10.983413138689654,21.30000000000001,ok
503.5,21.420999999999992,503.48,0.01999999999998181,4.594547260421334,15.499337752970487,1.6672473135651384,0.600000023839055,-0.05101043675386917,463714.1418457031,2619.1655443827362,11.04341309339022,21.400000000000034,ok
503.6,21.521000000000015,503.58,0.020000000000038654,4.588892394811028,15.5590706175748,1.6620639467416536,0.6000000238389481,-0.06224501701133614,465519.5617675781,2632.0715680440276,11.103413031881088,21.5,ok
503.7,21.62099999999998,503.68,0.01999999999998181,4.583574753724282,15.61883441496858,1.6555785323332448,0.6000000238388478,-0.07137629522332394,466418.1213378906,2645.015146976051,11.163412938428117,21.600000000000023,ok
503.8,21.721000000000004,503.78,0.020000000000038654,4.580325550861961,15.686683491564079,1.6460772670232746,0.6000000238387535,0.0005512002588583392,467313.78173828125,2657.983645629882,11.231339770491024,21.69999999999999,ok
503.9,21.82099999999997,503.88,0.01999999999998181,4.576190462232781,15.748504808929187,1.6478621353595762,0.6000000238386651,-0.021811185635010184,468206.6955566406,2670.9769855923146,11.29329922690188,21.80000000000001,ok
504.0,21.920999999999992,503.98,0.01999999999998181,4.571629734447032,15.808331206952563,1.6436250469979024,0.6000000238499508,-0.14991486802678464,469984.5886230469,2684.0074200948134,11.353299211388435,21.900000000000034,ok
504.1,22.021000000000015,504.08,0.020000000000038654,4.5677450661451715,15.868204066961747,1.6184313290258285,0.6000000238385041,-0.404279405817012,470869.81201171875,2697.0748423258474,11.413297961487874,22.0,ok
504.2,22.12099999999998,504.18,0.01999999999998181,4.565795635023272,15.92816924417667,1.5841082214903293,0.6000000238526418,-0.2587356234546266,471752.7770996094,2710.1668227301743,11.473294817739816,22.100000000000023,ok
504.3,22.221000000000004,504.28,0.020000000000038654,4.5654953979844715,15.98816767769728,1.568455132513467,0.6000000238383624,-0.003244199140133068,472633.72802734375,2723.2833019680443,11.533294002460998,22.19999999999999,ok
504.4,22.32099999999997,504.38,0.01999999999998181,4.563753457075086,16.042348950344188,1.5783213936819347,0.6000000238439822,0.07219410042151074,473513.00048828125,2736.4242287529864,11.58750326978468,22.30000000000001,ok
504.5,22.420999999999992,504.48,0.01999999999998181,4.562826030284512,16.100150516396845,1.576293546171688,0.5490001026170749,-0.16521881090915586,475267.822265625,2749.601740180127,11.645312275645285,22.400000000000034,ok
504.6,22.521000000000015,504.58,0.020000000000038654,4.56298486511051,16.149670388821598,1.5517926986723443,0.5269733632075568,-0.22707032773204086,475267.822265625,2762.803624131945,11.69483240280047,22.5,ok
504.7,22.62099999999998,504.68,0.01999999999998181,4.564448486005057,16.20824323492087,1.5347643900517507,0.6000000240449709,-0.14789131833781907,477020.4772949219,2776.0298505147334,11.753423532558243,22.600000000000023,ok
504.801,22.72199999999998,504.78,0.021000000000015007,4.568014812127807,16.26150811777124,1.5235174488623477,0.6000000240109002,0.04404485026881877,477897.3693847656,2789.29259838528,11.806807672778698,22.69999999999999,ok
504.905,22.825999999999965,504.88,0.024999999999977263,4.57107534597021,16.319763583328783,1.5255952168054645,0.6000000239982133,0.09116775559049328,478775.390625,2802.5797200520856,11.86514347769066,22.80000000000001,ok
505.0,22.920999999999992,504.98,0.01999999999998181,4.573568155315551,16.379711494526408,1.5398054038964057,0.6000000239931169,0.29445675199703547,479655.1818847656,2815.891255781391,11.925143195651586,22.900000000000034,ok
505.1,23.021000000000015,505.08,0.020000000000038654,4.574704418060077,16.439698568904817,1.5697295704352576,0.6000000239809,0.2593785927082837,480537.4755859375,2829.227264912924,11.98514103049173,23.0,ok
505.2,23.12099999999998,505.18,0.01999999999998181,4.574153630478858,16.499694540013557,1.5933369900136651,0.6000000239792054,0.12416075055753628,481423.095703125,2842.5878284030528,12.045139529774966,23.100000000000023,ok
505.3,23.221000000000004,505.28,0.020000000000038654,4.572530626033577,16.55967232825737,1.6042304990025227,0.6000000239638391,0.10488898816421265,483207.275390625,2855.985472446017,12.105139273324827,23.19999999999999,ok
505.4,23.32099999999997,505.38,0.01999999999998181,4.570278332560877,16.62962982016059,1.6128899053877181,0.6000000239560846,-0.017785807530565877,484107.60498046875,2869.420401340063,12.175133012325372,23.30000000000001,ok
505.5,23.420999999999992,505.48,0.01999999999998181,4.567865201744873,16.68958121995072,1.6073984794107221,0.6000000239488054,-0.06262365462234973,485014.58740234375,2882.8804317898275,12.235132958468107,23.400000000000034,ok
505.6,23.521000000000015,505.58,0.020000000000038654,4.5658466992738225,16.74954710699967,1.5978058183514623,0.6000000239419722,-0.1370431416336026,485929.1076660156,2896.3657608879944,12.295132808149527,23.5,ok
505.7,23.62099999999998,505.68,0.01999999999998181,4.564556350880348,16.80953279379529,1.5840104042853693,0.6000000239355578,-0.13880013621797857,487784.5764160156,2909.8895620558033,12.355132371642263,23.600000000000023,ok
505.8,23.721000000000004,505.78,0.020000000000038654,4.564003379959695,16.86953009929416,1.5787268239518533,0.6000000239423263,0.07628342419833582,488727.4169921875,2923.4522286309125,12.41513222534178,23.69999999999999,ok
505.9,23.82099999999997,505.88,0.01999999999998181,4.560165030035741,16.93396779699591,1.5914142028168419,0.6000000239238843,0.1502114679846628,489681.640625,2937.041243320043,12.479684141000734,23.80000000000001,ok
506.0,23.920999999999992,505.98,0.01999999999998181,4.557663088330466,16.99499115789289,1.60869482444509,0.6000000239185785,0.16518405769073186,490648.25439453125,2950.6569363064286,12.540758769836772,23.900000000000034,ok
506.1,24.021000000000015,506.08,0.020000000000038654,4.554983600890101,17.054930584496187,1.6270186391850496,0.6000000239363352,0.21378754552517543,492622.7722167969,2964.3134783426926,12.600758057453168,24.0,ok
506.2,24.12099999999998,506.18,0.01999999999998181,4.551082757047074,17.114802425142603,1.6500323987822456,0.6000000239089225,0.24439313428198725,493632.7209472656,2978.0114713033076,12.66075683981646,24.100000000000023,ok
506.3,24.221000000000004,506.28,0.020000000000038654,4.545845738852584,17.174572629580695,1.6656696823344002,0.6000000239159022,0.006657406825611105,494167.54150390625,2991.7309193929027,12.720756037295597,24.19999999999999,ok
506.401,24.322000000000003,506.38,0.021000000000015007,4.541367695630665,17.22839273189743,1.658016973280189,0.6000000239004137,-0.060702114403201266,495224.67041015625,3005.472477891712,12.774762113661884,24.30000000000001,ok
506.5,24.420999999999992,506.48,0.01999999999998181,4.537672597943821,17.28070689223322,1.6599442477364623,0.600000023907915,0.12076338976609524,496299.9572753906,3019.2436532762367,12.827206609260127,24.400000000000034,ok
506.6,24.521000000000015,506.58,0.020000000000038654,4.532489032878366,17.338954082295064,1.6613744816841725,0.6000000239042846,-0.13473251711671647,497394.6533203125,3033.0449673122835,12.885683993750959,24.5,ok
506.7,24.62099999999998,506.68,0.01999999999998181,4.527500876953731,17.39874533259511,1.6395633695500678,0.6000000238895081,-0.2664003336209084,498509.9182128906,3046.8769752502476,12.945682954675053,24.600000000000023,ok
506.8,24.721000000000004,506.78,0.020000000000038654,4.522694672120022,17.462173094271005,1.6184253201328378,0.600000023886309,-0.19889791806110652,500807.5866699219,3060.756385040282,13.009292549518268,24.69999999999999,ok
506.9,24.82099999999997,506.88,0.01999999999998181,4.51992581185727,17.522993805337595,1.6026340345389618,0.6000000239060435,-0.12468014051113435,501992.85888671875,3074.6841690063497,13.070176254085256,24.80000000000001,ok
507.0,24.920999999999992,506.98,0.01999999999998181,4.518330306189446,17.58297216815748,1.5893191813390821,0.6000000238804872,-0.1356688268662558,503204.6203613281,3088.6452451070204,13.13017583445787,24.900000000000034,ok
507.1,25.021000000000015,507.08,0.020000000000038654,4.517462017729818,17.64296571698918,1.5837414127864606,0.600000023877841,0.035900855942481734,504444.4885253906,3102.6403716193313,13.190175666343226,25.0,ok
507.2,25.12099999999998,507.18,0.01999999999998181,4.51670428393331,17.702960910821044,1.5806343501630622,0.600000023875357,-0.043412188697591884,507016.2353515625,3116.688437228737,13.250175645038466,25.100000000000023,ok
507.3,25.221000000000004,507.28,0.020000000000038654,4.516095543599291,17.762957780183143,1.585425436514017,0.6000000238730253,0.05599437397311239,508352.35595703125,3130.790778774685,13.310175602522175,25.19999999999999,ok
507.4,25.32099999999997,507.38,0.01999999999998181,4.515417874122625,17.816252511623087,1.5870654215708815,0.6000000238708365,-0.028920473251268012,509724.9755859375,3144.9307417127848,13.363474642243125,25.30000000000001,ok
507.5,25.420999999999992,507.48,0.01999999999998181,4.514504874361094,17.876245555343118,1.586169038533346,0.6000000238702028,0.08829364558661049,511136.6271972656,3159.1093750847767,13.423474632771107,25.400000000000034,ok
507.6,25.521000000000015,507.58,0.020000000000038654,4.513369016549822,17.936234614387043,1.5952595550595179,0.600000023866853,0.09488213003807429,512590.087890625,3173.3278016832146,13.48347444425367,25.5,ok
507.7,25.62099999999998,507.683,0.016999999999995907,4.511590384867219,17.998008873177348,1.60934823894744,0.6000161727638387,0.21217328088791498,514088.37890625,3188.015007527671,13.545274303313006,25.60300000000001,ok
507.8,25.721000000000004,507.78,0.020000000000038654,4.5088245475893,18.056141966611897,1.6275442015646602,0.600000023863343,0.043897886078006015,517232.48291015625,3201.9091913604725,13.603473155605109,25.69999999999999,ok
507.9,25.82099999999997,507.88,0.01999999999998181,4.506285952615092,18.118431255813054,1.6269536155472997,0.6000000238617474,0.011157197761986426,518885.498046875,3216.2997188737677,13.66581415346068,25.80000000000001,ok
508.0,25.920999999999992,507.98,0.01999999999998181,4.503137252329662,18.178927913807726,1.6277172449462234,0.6000000238616708,-0.017074847521144132,520597.83935546875,3230.7369874488036,13.726392697038516,25.900000000000034,ok
508.103,26.024,508.08,0.023000000000024556,4.499886989517601,18.23883958467682,1.616510246114162,0.600000023860265,-0.13472566257068913,521911.7431640625,3245.2162872060144,13.786392467993698,26.0,ok
508.2,26.12099999999998,508.18,0.01999999999998181,4.49734517939152,18.298785621095437,1.6132721765321159,0.600000023871735,0.10455472465992686,523736.51123046875,3259.739179628164,13.846392368668775,26.100000000000023,ok
508.3,26.221000000000004,508.28,0.020000000000038654,4.493288280483596,18.3557986481913,1.628108367852756,0.6000000238562854,0.23787459681756018,527602.5390625,3274.341110882228,13.903549552708778,26.19999999999999,ok
508.4,26.32099999999997,508.38,0.01999999999998181,4.488950558538448,18.414919756923506,1.648692945853113,0.6000000238636489,0.07057265338355731,529654.7241210938,3289.0252395375587,13.962829577416928,26.30000000000001,ok
508.5,26.420999999999992,508.48,0.01999999999998181,4.484068070405221,18.47472051137517,1.6601347355777698,0.6000000238540307,0.15449417028099738,531794.189453125,3303.767585559426,14.022829318444364,26.400000000000034,ok
508.6,26.521000000000015,508.58,0.020000000000038654,4.478299310767175,18.534441763612264,1.6781690678222247,0.600000023853006,0.15361889328030642,534027.4047851562,3318.570663257175,14.082828539743712,26.5,ok
508.7,26.62099999999998,508.68,0.01999999999998181,4.4716249703736635,18.594069223240314,1.6839656971550219,0.6000000238520441,-0.017302032147942206,536361.6333007812,3333.4371776750386,14.142828379421692,26.600000000000023,ok
508.8,26.721000000000004,508.78,0.020000000000038654,4.4648901548972395,18.65369004011726,1.682211654473652,0.6000000238511412,-0.01906765221105776,541363.1591796875,3348.4055775705956,14.202828375626492,26.69999999999999,ok
508.9,26.82099999999997,508.88,0.01999999999998181,4.459634842432485,18.722485393426698,1.6792910152839933,0.6000000238502935,0.011784400857780326,544047.2412109375,3363.480722020469,14.27182416496231,26.80000000000001,ok
509.0,26.920999999999992,508.98,0.01999999999998181,4.453485088532592,18.784411303826577,1.6793705520024707,0.6000000238494978,-0.0029967099753590246,546865.478515625,3378.6322875722303,14.334054686829662,26.900000000000034,ok
509.1,27.021000000000015,509.08,0.020000000000038654,4.446997922601031,18.844059578608583,1.6777419557304547,0.6000000238487508,-0.038436227003587335,548800.9033203125,3393.849876208835,14.394054686882106,27.0,ok
509.2,27.12099999999998,509.18,0.01999999999998181,4.440669908760971,18.903724930966657,1.6772456503833642,0.6000000238480497,0.11973269045026527,555006.8359375,3409.180539254086,14.454054670475212,27.100000000000023,ok
509.3,27.221000000000004,509.28,0.020000000000038654,4.433959280621199,18.963347986536842,1.689324723256009,0.6000000238573391,0.002542563908742225,558352.9663085938,3424.643869840832,14.514054181186182,27.19999999999999,ok
509.4,27.32099999999997,509.38,0.01999999999998181,4.425149506389038,19.014930588294927,1.6859487157045285,0.6000000238496159,-0.10795759884556831,561876.0375976562,3440.2026060062,14.566383684586796,27.30000000000001,ok
509.5,27.420999999999992,509.48,0.01999999999998181,4.4181317055125655,19.07254521680741,1.6671687243934006,0.6000000238461938,-0.2452788524777454,565587.890625,3455.861827231518,14.624424144162623,27.400000000000034,ok
509.6,27.521000000000015,509.58,0.020000000000038654,4.412944590079157,19.13231913164752,1.643415785241611,0.6000000238456493,-0.15563117403770274,569500.732421875,3471.6269469960525,14.684422702993917,27.5,ok
509.7,27.62099999999998,509.68,0.01999999999998181,4.408848979361281,19.19217899752308,1.6347919433814317,0.6000000238550859,-0.12080098935139644,573627.3803710938,3487.503726340403,14.744422516075229,27.600000000000023,ok
509.8,27.721000000000004,509.78,0.020000000000038654,4.4052726409358565,19.252072078178248,1.6269089622556014,0.6000000238446586,-0.007094845645656413,582575.1953125,3503.562095447114,14.804422276965584,27.69999999999999,ok
509.9,27.82099999999997,509.88,0.01999999999998181,4.4029179999418355,19.31284118723949,1.6171943924638583,0.6000000238513136,-0.22113669258088975,587423.7670898438,3519.812081036039,14.865236986948512,27.80000000000001,ok
510.001,27.92199999999997,509.98,0.020999999999958163,4.4018762480684845,19.373821239632164,1.5949095939335873,0.6000000238437855,-0.1735008068213202,592540.52734375,3536.2004740142875,14.926225937068834,27.900000000000034,ok
510.1,28.021000000000015,510.08,0.020000000000038654,4.400996937032574,19.434008272733028,1.585830629398365,0.6000000238433886,0.03034018930245559,597939.3310546875,3552.734916492038,14.986419393036924,28.0,ok
510.2,28.12099999999998,510.18,0.01999999999998181,4.399899532428751,19.493997942498126,1.5981160191158712,0.6000000238430161,0.18654128419873564,600178.5278320312,3569.3754423099126,15.04641909949779,28.100000000000023,ok
510.3,28.221000000000004,510.28,0.020000000000038654,4.397775059393034,19.55395921322262,1.6206516807419402,0.6000000238426664,0.262837836139197,611767.7001953125,3586.2080288102866,15.106417994259072,28.19999999999999,ok
510.4,28.32099999999997,510.38,0.01999999999998181,4.395881067603474,19.62201821823256,1.640323732978171,0.6000000238423382,0.09439976745696152,617998.2299804688,3603.288111173843,15.174503347807704,28.30000000000001,ok
510.5,28.420999999999992,510.48,0.01999999999998181,4.391601531066034,19.681865376749297,1.6418595550222728,0.60000002384203,-0.026506215858013476,624528.2592773438,3620.54542352465,15.23450332127022,28.400000000000034,ok
510.6,28.521000000000015,510.58,0.020000000000038654,4.3873808822128355,19.741716741707567,1.6405529520861286,0.6000000238417408,0.003300755972170893,631362.1215820312,3637.988345481024,15.29450331930447,28.5,ok
510.7,28.62099999999998,510.68,0.01999999999998181,4.383069108756788,19.80156144066346,1.64982698331578,0.6000000238642066,0.14464535122208155,645943.2373046875,3655.728697687788,15.354503147499704,28.600000000000023,ok
510.8,28.721000000000004,510.78,0.020000000000038654,4.377986245638755,19.861345255642078,1.6648173318183075,0.6000000238454777,0.22117885270001442,653683.2275390625,3673.779065255056,15.41450264775491,28.69999999999999,ok
510.9,28.82099999999997,510.88,0.01999999999998181,4.37085043641304,19.922411734472714,1.691426411157893,0.6000000238409752,0.24721366667905384,661710.44921875,3692.0484218766965,15.475984633816505,28.80000000000001,ok
511.0,28.920999999999992,510.98,0.01999999999998181,4.363037202039061,19.981899312972615,1.7169799059075281,0.6000000238407506,0.26884340032126175,670009.9487304688,3710.544538514884,15.535983122357173,28.900000000000034,ok
511.1,29.021000000000015,511.08,0.020000000000038654,4.353686576245923,20.041164715444307,1.7395615135096134,0.6000000238448029,0.09543098653199983,678559.9365234375,3729.274675810071,15.595981640112655,29.0,ok
511.201,29.122000000000014,511.18,0.021000000000015007,4.343504201527833,20.10029436913997,1.7388546981050645,0.6000000238545526,-0.16080336156650044,685427.978515625,3748.2189524078403,15.655981612621554,29.100000000000023,ok
511.3,29.221000000000004,511.28,0.020000000000038654,4.333969557261214,20.159530559787445,1.7125847674937944,0.600000023840156,-0.37519699962970965,693650.390625,3767.372818645898,15.715980243636894,29.19999999999999,ok
511.4,29.32099999999997,511.38,0.01999999999998181,4.324834591169178,20.213505055552872,1.685960891370051,0.6000000238399816,-0.20234799507646006,701929.443359375,3786.7558718956852,15.770722309716232,29.30000000000001,ok
511.5,29.420999999999992,511.48,0.01999999999998181,4.317982049271545,20.27175483330057,1.668153696438088,0.6000000238398179,-0.2571020789495245,710211.4868164062,3806.3689403703534,15.829373771233529,29.400000000000034,ok
511.601,29.52199999999999,511.58,0.021000000000015007,4.312878512752495,20.331534798854733,1.6338895433776253,0.6000000238396642,-0.4614215795507582,718435.8520507812,3826.2112645212796,15.889371190900198,29.5,ok
511.7,29.62099999999998,511.68,0.01999999999998181,4.310262637823243,20.391471927345705,1.5866808209214651,0.6000000238622573,-0.38663565735035244,726535.5834960938,3846.280312237213,15.949365375396603,29.600000000000023,ok
511.8,29.721000000000004,511.78,0.020000000000038654,4.31020659748044,20.451468726308967,1.552626257599511,0.6000000238393846,-0.22486170421381008,742063.3544921875,3866.677519709265,16.009362200532255,29.69999999999999,ok
511.9,29.82099999999997,511.88,0.01999999999998181,4.310621810504885,20.511118027809072,1.5403945101263445,0.6000000238392574,0.010062614683074747,749331.0546875,3887.3913309478767,16.06901294714373,29.80000000000001,ok
512.0,29.920999999999992,511.98,0.01999999999998181,4.3120022787223355,20.57100329822339,1.549215273417554,0.6000000238490857,0.10305813940846867,756156.1279296875,3908.300875150898,16.128914126640424,29.900000000000034,ok
512.1,30.021000000000015,512.08,0.01999999999998181,4.313172772436556,20.630991844207124,1.5506109256657792,0.6000000238447104,0.014856058144865979,762453.4301757812,3929.392674569034,16.188914090846893,30.000000000000057,ok
512.2,30.121000000000038,512.18,0.020000000000095497,4.314352402625254,20.69098024626171,1.5503557534072572,0.6000000238446053,-0.10514598721993099,768139.2822265625,3950.650906685714,16.248914090083932,30.099999999999966,ok
512.3,30.220999999999947,512.28,0.01999999999998181,4.315945030941985,20.750958361283683,1.5330849378965006,0.6000000238388222,-0.13575603755831175,777364.1357421875,3972.1162319352848,16.308913346300525,30.19999999999999,ok
512.4,30.32099999999997,512.38,0.01999999999998181,4.321843331210718,20.79825705818211,1.5190002444720745,0.6000000238387296,3.1440094297527886e-05,777364.1357421875,3993.7096801503503,16.35657839297363,30.30000000000001,ok
512.5,30.420999999999992,512.48,0.01999999999998181,4.324973542590782,20.858175340844735,1.514982485638029,0.6000000238386426,-0.16914185533002993,783281.1889648438,4015.385309660175,16.41657838314465,30.400000000000034,ok
512.6,30.521000000000015,512.58,0.01999999999998181,4.328669695355625,20.918060973862623,1.5046000277859046,0.600000023838561,0.040689841595417484,784873.53515625,4037.165236384084,16.476577971370023,30.500000000000057,ok
512.7,30.621000000000038,512.68,0.020000000000095497,4.332433097521106,20.97794254273051,1.5162284055789315,0.6000000238384844,0.16519637040520863,785515.5029296875,4058.9761952463687,16.536577683752157,30.599999999999966,ok
512.8,30.720999999999947,512.78,0.01999999999998181,4.3353135251655095,21.037872733949914,1.531106438462948,0.6000000238469388,0.04773368356894702,785197.3876953125,4080.7916520606095,16.596577056107282,30.69999999999999,ok
512.9,30.82099999999997,512.88,0.01999999999998181,4.335890677965175,21.08418294558595,1.5330219208827454,0.6000000238525557,0.0423013938233604,783926.26953125,4102.5850361887615,16.64289086406051,30.80000000000001,ok
513.0,30.920999999999992,512.98,0.01999999999998181,4.338042045608882,21.144144311669013,1.5359345486291018,0.6000000238453869,-0.08276834426118751,781725.9521484375,4124.330205934318,16.702890812437868,30.900000000000034,ok
513.1,31.021000000000015,513.08,0.01999999999998181,4.340353396486942,21.204099579538,1.5290457797296348,0.6000000238495906,0.05036199914642328,774712.5854492188,4145.947407845401,16.762890616505242,31.000000000000057,ok
513.2,31.121000000000038,513.18,0.020000000000095497,4.342790390527914,21.26405005960438,1.530754515306417,0.6000000238381661,-0.018209213355323505,770021.728515625,4167.402051094894,16.822890608173118,31.099999999999966,ok
513.3,31.220999999999947,513.28,0.01999999999998181,4.345281699706545,21.323998271133373,1.5263795538962637,0.6000000238381137,-0.03215160320864894,764641.7846679688,4188.716822111338,16.88289056389767,31.19999999999999,ok
513.401,31.321999999999946,513.38,0.020999999999958163,4.348859622565778,21.375741732616138,1.5266097781416663,0.6000000238380644,0.011064660277222985,758658.1420898438,4209.873765538535,16.934757579796074,31.30000000000001,ok
513.5,31.420999999999992,513.48,0.01999999999998181,4.352834401658155,21.425369166789192,1.519584962478668,0.6000000238607556,-0.0408227250353713,770762.8173828125,4231.115723308993,16.98454393426629,31.400000000000034,ok
513.6,31.521000000000015,513.58,0.01999999999998181,4.356264973550932,21.483214763164874,1.5171899358278775,0.6000000238379748,0.08667803723117494,762861.9384765625,4252.416067140379,17.04249116753562,31.500000000000057,ok
513.7,31.621000000000038,513.68,0.020000000000095497,4.359221671622327,21.543141578436874,1.5261769529313538,0.6000000238379342,0.03128429212086621,754606.8725585938,4273.492022849181,17.102490877969334,31.599999999999966,ok
513.8,31.720999999999947,513.78,0.01999999999998181,4.361934233569323,21.645301709672204,1.5246792259702713,0.6000000238421591,-0.14769797610333246,737442.5659179688,4294.214931716916,17.204687014913624,31.69999999999999,ok
513.9,31.82099999999997,513.88,0.01999999999998181,4.365102560002463,21.7157729270039,1.5109710188152488,0.6000000238520709,-0.016408650918533663,720012.8784179688,4314.457368443808,17.275229418931335,31.80000000000001,ok
514.0,31.920999999999992,513.98,0.01999999999998181,4.3687847904307,21.775659744602095,1.5033141669777408,0.6000000238378264,-0.14982317400853606,711391.357421875,4334.337982830477,17.33522933345599,31.900000000000034,ok
514.1,32.021000000000015,514.08,0.01999999999998181,4.373110774551254,21.835503348257028,1.4951107531419965,0.6000000238434791,-0.046579928693147046,702914.9169921875,4353.981125530677,17.39522909209734,32.00000000000006,ok
514.2,32.12100000000004,514.18,0.020000000000095497,4.377880949669256,21.8953130418981,1.4802378846206825,0.6000000238505548,-0.26624940655421503,694633.3618164062,4373.39151829189,17.455228708963574,32.099999999999966,ok
514.3,32.22099999999995,514.28,0.01999999999998181,4.383820805630386,21.955017416635613,1.46384400431175,0.6000000238377372,-0.06676899809631084,678807.12890625,4392.467080663042,17.51522782772074,32.19999999999999,ok
514.4,32.32099999999997,514.38,0.01999999999998181,4.389767808417405,21.9465451399503,1.457110844164664,0.600000023837711,-0.06406636674175158,686586.8530273438,4411.430885967679,17.525578978110012,32.30000000000001,ok
514.5,32.42099999999999,514.48,0.01999999999998181,4.396727151875158,22.006140072049295,1.4506418751822603,0.6000000238376865,-0.06559557930879358,671317.6879882812,4430.290671259568,17.58557888138699,32.400000000000034,ok
514.6,32.521000000000015,514.58,0.01999999999998181,4.404067094096442,22.06568934166697,1.446524596193131,0.600000023847611,0.07209813919890842,671518.7377929688,4448.9411771732,17.64557880025202,32.50000000000006,ok
514.7,32.62100000000004,514.68,0.020000000000095497,4.41121062367198,22.12526201903887,1.4639585066952117,0.6000000238376418,0.32800696911451666,663989.1357421875,4467.4898976389495,17.705578249449935,32.599999999999966,ok
514.8,32.72099999999995,514.78,0.01999999999998181,4.416758318878848,22.18500177786783,1.5004890685778278,0.6000000238376215,0.37468602257967465,656834.3505859375,4485.834668282399,17.76557504692322,32.69999999999999,ok
514.9,32.82099999999997,514.88,0.01999999999998181,4.419306048115256,22.253634048679064,1.5437380942988672,0.6000000238376024,0.50710812195091,643638.5498046875,4503.89679189894,17.83425458915356,32.80000000000001,ok
515.0,32.92099999999999,514.98,0.01999999999998181,4.4194311907729755,22.315806596473106,1.6013015779874336,0.60000002384469,0.5664825066926215,637583.251953125,4521.6915391455805,17.896427262892807,32.900000000000034,ok
515.1,33.021000000000015,515.08,0.01999999999998181,4.416365731118205,22.375722453795245,1.6477169578617912,0.6000000238375678,0.3106446304532715,631875.732421875,4539.32291392857,17.956421487627708,33.00000000000006,ok
515.204,33.12499999999994,515.18,0.02400000000000091,4.411133786017961,22.43549256620501,1.6685859745782476,0.6000000238474995,0.05540804959443643,626503.4790039062,4556.800402976135,18.01642015083788,33.099999999999966,ok
515.3,33.22099999999995,515.28,0.01999999999998181,4.407534933946483,22.524315567932895,1.6638864084323073,0.6000000238489058,-0.20039706769768567,616707.275390625,4574.0672190093965,18.105316030225985,33.19999999999999,ok
515.4,33.32099999999997,515.38,0.01999999999998181,4.403071671691374,22.59138061893744,1.6402313299880817,0.6000000238375233,-0.24368545708431638,612253.3569335938,4591.13611668057,18.172529434961945,33.30000000000001,ok
515.5,33.42099999999999,515.48,0.01999999999998181,4.3995779308005645,22.651276695187935,1.610007771972297,0.6000000238375102,-0.3516769449383624,601944.3969726562,4607.999974373716,18.23252731972147,33.400000000000034,ok
515.6,33.521000000000015,515.58,0.01999999999998181,4.398191445935741,22.71125625916162,1.5646862331056584,0.600000023837498,-0.5411058636775649,598497.4975585938,4624.672778464432,18.292522906515448,33.50000000000006,ok
515.7,33.62100000000004,515.68,0.020000000000095497,4.3997335053056315,22.771231244160507,1.5208053332815754,0.6000000238374865,-0.285556427843073,595260.3759765625,4641.252748930183,18.352517712729963,33.599999999999966,ok
515.8,33.72099999999995,515.78,0.01999999999998181,4.403318375113962,22.83112280039107,1.499016905907104,0.6000000238374757,-0.11661316918346262,593812.8662109375,4657.76765507168,18.412516461044085,33.69999999999999,ok
515.9,33.82099999999997,515.88,0.01999999999998181,4.4042414922646484,22.90405261142581,1.495202920446841,0.6000000238374655,-0.16411022416705723,587950.1953125,4674.1810309261755,18.485452114073567,33.80000000000001,ok
516.0,33.92099999999999,515.98,0.01999999999998181,4.409170497344629,22.963849129669356,1.476953350283546,0.6000000238374561,-0.24886423165370608,585289.1235351562,4690.47602146573,18.545451436445816,33.900000000000034,ok
516.1,34.021000000000015,516.08,0.01999999999998181,4.415395761919779,23.023523722831328,1.4495355089705768,0.6000000238601845,-0.3616244463457755,582791.8701171875,4706.699368599794,18.605449861325788,34.00000000000006,ok
516.2,34.12100000000004,516.18,0.020000000000095497,4.423481430077969,23.082973652437516,1.4181462490053103,0.6000000238374388,-0.18010478003231867,580447.3876953125,4722.855469402731,18.665447129261462,34.099999999999966,ok
516.3,34.22099999999995,516.28,0.01999999999998181,4.433072524790489,23.142201018784938,1.3944346082771568,0.6000000238374309,-0.37946730272554574,578244.6899414062,4738.948414925467,18.725446046103656,34.19999999999999,ok
516.4,34.32099999999997,516.38,0.01999999999998181,4.4499816141020325,23.17839656967616,1.342348512096214,0.6000000238374235,-0.40362295834600337,576173.7060546875,4754.98200375875,18.765396455434033,34.30000000000001,ok
516.5,34.42099999999999,516.48,0.01999999999998181,4.465807709846007,23.230726367364504,1.3083754593698829,0.6000000238473642,-0.3339291497270306,574802.978515625,4770.9677910444525,18.820067041973783,34.400000000000034,ok
516.6,34.521000000000015,516.58,0.01999999999998181,4.482206323157825,23.288438543458447,1.2719950079357838,0.60000002383741,-0.36054201533293045,572883.8500976562,4786.907885886308,18.8800637901194,34.50000000000006,ok
516.701,34.622000000000014,516.68,0.02100000000007185,4.500698461022028,23.345514425574677,1.233967732089844,0.6000000238374039,-0.4344314649964851,571487.1215820312,4802.801927159622,18.940060585718285,34.599999999999966,ok
516.8,34.72099999999995,516.78,0.01999999999998181,4.521541364834551,23.40177241489769,1.1867584332387677,0.6000000238373983,-0.5101343186102221,568040.8935546875,4818.628705147636,19.000055485518235,34.69999999999999,ok
516.9,34.82099999999997,516.88,0.01999999999998181,4.545297435519337,23.438281107868452,1.1404404022825074,0.6000000238373928,-0.33934154448629683,568040.8935546875,4834.407618857492,19.043612753072733,34.80000000000001,ok
517.0,34.92099999999999,516.98,0.01999999999998181,4.571194063930497,23.469180955638304,1.114302861091593,0.6000000238373878,-0.11960846643904799,566665.9545898438,4850.167436192836,19.08392944881117,34.900000000000034,ok
517.1,35.021000000000015,517.08,0.01999999999998181,4.597823071869857,23.518303762285612,1.1126655837019686,0.600000023837383,0.13574842730144931,565119.8120117188,4865.886682951194,19.13980568881301,35.00000000000006,ok
517.2,35.12100000000004,517.18,0.020000000000095497,4.623959763360325,23.572310668558167,1.1347064092352692,0.600000023860116,0.27033543673264887,563742.431640625,4881.565325224129,19.199804626863614,35.099999999999966,ok
517.3,35.22099999999995,517.28,0.01999999999998181,4.64870952212556,23.626966260577607,1.1634754331907067,0.6000000238373744,0.3904663591623818,562312.1948242188,4897.204972813922,19.25980282931946,35.19999999999999,ok
517.4,35.32099999999997,517.38,0.01999999999998181,4.673399127263213,23.642787767714537,1.2055499149042328,0.6000000238601079,0.457662596109416,562335.1440429688,4912.825074742636,19.289126824441837,35.30000000000001,ok
517.5,35.42099999999999,517.48,0.01999999999998181,4.693828880526598,23.699197702243563,1.2481835664786405,0.6000000238373668,0.3979948444345891,560938.0493164062,4928.426091317076,19.3491222870367,35.400000000000034,ok
517.6,35.521000000000015,517.58,0.01999999999998181,4.711947322940705,23.756392759675958,1.2875434402682524,0.6000000238373634,0.39090600815766874,558245.7275390625,4943.970310440071,19.409118558172565,35.50000000000006,ok
517.7,35.62100000000004,517.68,0.020000000000095497,4.727895924122138,23.814231486999258,1.3184318639473132,0.6000000238373602,0.20662135590429662,557016.11328125,4959.460058229229,19.469115860262104,35.599999999999966,ok
517.8,35.72099999999995,517.78,0.01999999999998181,4.742277461765141,23.872480418569932,1.3493159085977415,0.6000000238373571,0.4161292534415264,555844.7265625,4974.916458782618,19.529113915681442,35.69999999999999,ok
517.902,35.823000000000036,517.88,0.022000000000048203,4.752105034936065,23.937029347912837,1.3923192969626217,0.6000000238373542,0.3160958668953589,554511.71875,4990.338076078629,19.594406683073743,35.80000000000001,ok
518.0,35.92099999999999,517.98,0.01999999999998181,4.762036406977248,23.996199518515944,1.4205820398633704,0.6000000238373515,0.1635265158018095,553417.2973632812,5005.725979080205,19.65440452670017,35.900000000000034,ok
518.1,36.021000000000015,518.08,0.01999999999998181,4.770748575055391,24.055563430609496,1.4267185504488764,0.6000000238373491,-0.09176900639430002,551363.525390625,5021.070157174013,19.714404326130442,36.00000000000006,ok
518.2,36.12100000000004,518.18,0.020000000000095497,4.779702591176776,24.114890840499218,1.40731907417117,0.6000000238472942,-0.34740354917383104,550396.1181640625,5036.372374445592,19.774403625867397,36.099999999999966,ok
518.3,36.22099999999995,518.28,0.01999999999998181,4.789062481075687,24.16820602498489,1.3692510613189819,0.6000000238458709,-0.34744540739379604,549463.623046875,5051.648204184637,19.82853417579681,36.19999999999999,ok
518.4,36.32099999999997,518.38,0.01999999999998181,4.801417263601721,24.225386220026646,1.342247016553246,0.6000000238373423,-0.20063413143675032,548209.6557617188,5066.893666390315,19.88703387969588,36.30000000000001,ok
518.5,36.42099999999999,518.48,0.01999999999998181,4.815442624250786,24.283723196727212,1.3274113074816902,0.6000000238373404,-0.01163780257908241,547322.3266601562,5082.1093883684,19.94703315962405,36.400000000000034,ok
518.6,36.521000000000015,518.58,0.01999999999998181,4.82980966558902,24.341977583137524,1.3364848368864297,0.6000000238373385,0.24427375578464763,546462.0361328125,5097.300837851639,20.007033038064396,36.50000000000006,ok
518.7,36.62100000000004,518.68,0.020000000000095497,4.843114779577852,24.4004818845868,1.364342037371404,0.6000000238359158,0.30690035079249117,544812.255859375,5112.457425240405,20.06703119925558,36.599999999999966,ok
518.8,36.72099999999995,518.78,0.01999999999998181,4.854571336852418,24.459374339571365,1.4036133610860755,0.6000000238373352,0.4125815200268846,543584.2895507812,5127.574043926661,20.127027648806322,36.69999999999999,ok
518.9,36.82099999999997,518.88,0.01999999999998181,4.863584842443344,24.521403269534815,1.4432851946134642,0.6000000238373338,0.3509211452423372,542797.2412109375,5142.662676298355,20.189708039962156,36.80000000000001,ok
519.0,36.92099999999999,518.98,0.01999999999998181,4.870387079671946,24.581013586342248,1.4758468154969469,0.6000000238373323,0.21028742292088975,542026.5502929688,5157.7296734025795,20.24970520907201,36.900000000000034,ok
519.1,37.021000000000015,519.08,0.01999999999998181,4.875694761969182,24.640777912126154,1.4866696067198046,0.600000023837331,-0.044812842342943825,541270.3247070312,5172.775463333139,20.30970476013511,37.00000000000006,ok
519.2,37.12100000000004,519.18,0.020000000000095497,4.880900977235846,24.700551482747553,1.4798902368169387,0.6000000238373296,-0.05873912815550137,539794.8608398438,5187.790257576832,20.369704630320253,37.099999999999966,ok
519.3,37.22099999999995,519.28,0.01999999999998181,4.887790816316624,24.75489311998377,1.4757853172201183,0.6000000238373285,0.005214488051783788,539072.3876953125,5202.774524917601,20.424481298894307,37.19999999999999,ok
519.4,37.32099999999997,519.38,0.01999999999998181,4.893854849104725,24.81323797976715,1.475298496968951,0.6000000238373274,0.0012661931216808213,538358.3984375,5217.7388413916715,20.483140442740748,37.30000000000001,ok
519.501,37.42199999999997,519.48,0.020999999999958163,4.899531423119347,24.872968829353788,1.4782814775350621,0.6000000238373263,0.05865238104305632,537651.5502929688,5232.683424012931,20.54314042511479,37.400000000000034,ok
519.6,37.521000000000015,519.58,0.01999999999998181,4.9049342065448585,24.932725003310484,1.48439249833467,0.6000000238387465,0.1032270982605859,536431.15234375,5247.601239327333,20.60314034507045,37.50000000000006,ok
519.7,37.62100000000004,519.68,0.020000000000095497,4.909865823118928,24.992521735319997,1.4945724719989464,0.6000000238373244,0.09946705832120045,535729.3701171875,5262.492357694832,20.66314009507869,37.599999999999966,ok
519.8,37.72099999999995,519.78,0.01999999999998181,4.911324229706828,25.060428121212567,1.5032139693189481,0.6000000238373236,0.06577563833137896,534337.8295898438,5277.354402135211,20.731062140062377,37.69999999999999,ok
519.9,37.82099999999997,519.88,0.01999999999998181,4.9145019107907055,25.12231532088302,1.508443118170391,0.6000000238373228,0.040380224779067046,533645.8129882812,5292.1875082821325,20.79303086717631,37.80000000000001,ok
520.0,37.92099999999999,519.98,0.01999999999998181,4.918158160353225,25.18220379291715,1.5116935114482604,0.6000000238373221,0.030287633294949406,532955.5053710938,5307.001415481572,20.853030844205026,37.900000000000034,ok
520.1,38.021000000000015,520.08,0.01999999999998181,4.921628127126048,25.24210334893959,1.5148149762960645,0.6000000238373213,0.028087426880026824,532265.9912109375,5321.796158489658,20.913030823214104,38.00000000000006,ok
520.2,38.12100000000004,520.18,0.020000000000095497,4.924917745346491,25.302013084524738,1.518287270962837,0.6000000238373207,0.09289890477323526,530886.474609375,5336.562164959371,20.973030806596757,38.099999999999966,ok
520.3,38.22099999999995,520.28,0.01999999999998181,4.927843821903501,25.361941486609815,1.5269766725447835,0.6000000238373201,0.06168337465394084,530195.2514648438,5351.29941115485,21.033030600767137,38.19999999999999,ok
520.4,38.32099999999997,520.38,0.01999999999998181,4.930252348423835,25.43436173480289,1.5333100231751526,0.6000000238373194,0.06595625090823705,529502.197265625,5366.017431276109,21.105490888845132,38.30000000000001,ok
520.5,38.42099999999999,520.48,0.01999999999998181,4.9323307231536475,25.49744292003677,1.5389552626751677,0.6000000238373189,0.042307886568859615,528806.8237304688,5380.716167678836,21.168606303539395,38.400000000000034,ok
520.6,38.521000000000015,520.58,0.01999999999998181,4.934146165890479,25.557373751342467,1.5422337570446403,0.5958000321664649,0.026579588491472413,527407.2875976562,5395.385808113952,21.228564625508263,38.50000000000006,ok
520.7,38.62100000000004,520.68,0.020000000000095497,4.935734551282914,25.616042161105305,1.5451291993958172,0.568997771838953,-0.0056280039157721555,526702.1484375,5410.026216947761,21.287254533262963,38.599999999999966,ok
520.8,38.72099999999995,520.78,0.01999999999998181,4.9370793786643645,25.669954159131247,1.5440888425478663,0.49794202574714097,-0.027949146818041302,525993.1030273438,5424.646984329221,21.341183301947545,38.69999999999999,ok
520.9,38.82099999999997,520.88,0.01999999999998181,4.9384274562435335,25.72162917305648,1.5417775021409597,0.4488882839441824,0.002014885317271891,525279.4799804688,5439.247992426554,21.392875896942694,38.80000000000001,ok
521.0,38.92099999999999,520.98,0.01999999999998181,4.939653785452714,25.765622395072175,1.5420662141698143,0.39222085856927935,0.005596398061514648,524561.0961914062,5453.829111540056,21.436886207855608,38.900000000000034,ok
521.1,39.021000000000015,521.08,0.01999999999998181,4.940711320508672,25.803269458216135,1.5432237320031115,0.35695596998736007,0.022230473639016674,523837.58544921875,5468.390204340623,21.474548121558446,39.00000000000006,ok
521.2,39.12100000000004,521.18,0.020000000000095497,4.941594664749715,25.83668274731493,1.544260066710067,0.3150326847266499,0.002864662251532808,523837.58544921875,5482.941248380866,21.5079730850655,39.099999999999966,ok
521.3,39.22099999999995,521.28,0.01999999999998181,4.942248136947747,25.86381464656851,1.544356966340648,0.18403276192780832,-0.0002044092987317084,523108.7646484375,5497.482169910004,21.535112852621985,39.19999999999999,ok
521.4,39.32099999999997,521.38,0.01999999999998181,4.94225614521943,25.881591223366147,1.544351394476122,3.521728308628069e-08,-1.774153359893288e-05,523108.7646484375,5512.012968928019,21.552889431223466,39.30000000000001,ok
521.5,39.42099999999999,521.48,0.01999999999998181,4.942238462093466,25.88389073025903,1.544340470151721,-1.2060652292839036e-08,0.00017327302826573962,523108.7646484375,5526.543767946035,21.555189006106648,39.400000000000034,ok
521.6,39.521000000000015,521.58,0.01999999999998181,4.942252349660594,25.88388898033323,1.5443330000090942,-1.1321495110329372e-08,-8.085300793787923e-06,523108.7646484375,5541.07456696405,21.555203003490725,39.50000000000006,ok
521.7,39.62100000000004,521.68,0.020000000000095497,4.9422645855954475,25.883887438369438,1.5443386948714335,-1.0627638413404639e-08,0.0001877725274941814,523108.7646484375,5555.605365982049,21.55521533620146,39.599999999999966,ok
521.8,39.72099999999995,521.78,0.01999999999998181,4.942348522862678,25.881998922564613,1.5443435404342574,-9.976305886429115e-09,2.0997840940416832e-06,523108.7646484375,5570.1361650000645,21.557105716430385,39.69999999999999,ok
521.9,39.82099999999997,521.88,0.01999999999998181,4.942376315160838,25.88152593592567,1.5443444614636876,-9.364891361517136e-09,-7.635201661834715e-05,523108.7646484375,5584.66696401808,21.557579518891814,39.80000000000001,ok
522.0,39.92099999999999,521.98,0.01999999999998181,4.942384690114625,25.881524880801788,1.544348833902599,-8.79094839804917e-09,0.0001948600318724066,523108.7646484375,5599.197763036095,21.55758796004916,39.900000000000034,ok
522.102,40.02299999999997,522.08,0.021999999999934516,4.942392070856619,25.881523951021315,1.54435814549632,-8.252180488423078e-09,-1.3755485289610803e-05,523108.7646484375,5613.728562054111,21.557595399124647,40.00000000000006,ok
522.2,40.12100000000004,522.18,0.020000000000095497,4.942398577514528,25.881523131638478,1.5443871798947097,-7.746431868356496e-09,-0.00010290177111349133,523108.7646484375,5628.25936107211,21.55760195717202,40.099999999999966,ok
522.3,40.22099999999995,522.28,0.01999999999998181,4.9424043140682485,25.881522409532916,1.5443765363560196,-7.271678896612205e-09,0.00018046528338682555,523108.7646484375,5642.790160090125,21.5576077389957,40.19999999999999,ok
522.4,40.32099999999997,522.38,0.01999999999998181,4.942409369279179,25.881521773218857,1.54439292678267,-6.826021952972133e-09,-0.00039987327469471063,523108.7646484375,5657.32095910814,21.557612834096595,40.30000000000001,ok
522.5,40.42099999999999,522.48,0.01999999999998181,4.942413825008176,25.88152121247888,1.5444049146922652,-6.407677837546449e-09,-0.00012931607708141708,523108.7646484375,5671.851758126156,21.5576173249707,40.400000000000034,ok
522.6,40.521000000000015,522.58,0.01999999999998181,4.942417753579442,25.8815207183046,1.544406926316043,-6.014972638891669e-09,-0.0003984255297795322,523108.7646484375,5686.382557144171,21.557621284501028,40.50000000000006,ok
522.7,40.62100000000004,522.68,0.020000000000095497,4.942421214527925,25.88152028286873,1.544396737438781,-5.646335032340188e-09,-0.0001407918729774936,523108.7646484375,5700.91335616217,21.55762477273393,40.599999999999966,ok
522.8,40.72099999999995,522.78,0.01999999999998181,4.942424263400185,25.88151989919254,1.5443936534470852,-5.300289995964491e-09,-0.00023923627718972287,523108.7646484375,5715.444155180186,21.557627845652654,40.69999999999999,ok
522.9,40.82099999999997,522.88,0.01999999999998181,4.942426949083986,25.88151956112806,1.5443783543920486,-4.975452905578437e-09,-0.0001602456898130324,523108.7646484375,5729.974954198201,21.557630552530018,40.80000000000001,ok
523.0,40.92099999999999,522.98,0.01999999999998181,4.9424293149937215,25.88151926324896,1.5443918770549117,-4.670523997499926e-09,4.4192311078955536e-05,523108.7646484375,5744.505753216216,21.557632937118207,40.900000000000034,ok
523.1,41.021000000000015,523.08,0.01999999999998181,4.942431401328812,25.88151900072228,1.5443922657121045,-4.384283165247832e-09,-0.0003844131840311255,523108.7646484375,5759.036552234232,21.55763503990549,41.00000000000006,ok
523.2,41.12100000000004,523.18,0.020000000000095497,4.942433238402715,25.88151876942429,1.5443700004072103,-4.1155850788975046e-09,9.8541280081173e-05,523108.7646484375,5773.567351252231,21.557636891483003,41.099999999999966,ok
523.302,41.22300000000001,523.28,0.022000000000048203,4.942434856357875,25.88151856563061,1.5443739765744613,-3.8633546015076625e-09,5.543035485040568e-05,523108.7646484375,5788.098150270246,21.557638522222334,41.19999999999999,ok
523.4,41.32099999999997,523.38,0.01999999999998181,4.94243628240628,25.88151838604216,1.5443802444445798,-3.626582489174579e-09,-0.00011115850638114799,523108.7646484375,5802.6289492882615,21.55763995953443,41.30000000000001,ok
523.5,41.42099999999999,523.48,0.01999999999998181,4.942437539084021,25.881518227789968,1.5443736485534552,-3.4043213495600633e-09,0.0002593960121210719,523108.7646484375,5817.159748306277,21.55764122613725,41.400000000000034,ok
523.6,41.521000000000015,523.58,0.01999999999998181,4.942438646456699,25.88151808834049,1.544378504293218,-3.19568185390591e-09,-2.988113438460517e-05,523108.7646484375,5831.690547324292,21.557642342255704,41.50000000000006,ok
523.7,41.62100000000004,523.68,0.020000000000095497,4.942439604704134,25.881517289073038,1.5443868399426104,-2.999838487208542e-09,7.713521476310621e-05,523108.7646484375,5846.221346342291,21.557643590080453,41.599999999999966,ok
523.8,41.72099999999995,523.78,0.01999999999998181,4.942440466101012,25.88151721753176,1.5443890619320575,-2.8159873655987655e-09,-0.0003347163505290335,523108.7646484375,5860.752145360307,21.55764445444307,41.69999999999999,ok
523.9,41.82099999999997,523.88,0.01999999999998181,4.942441209401194,25.881516559573292,1.544384262174256,-2.6434117386328615e-09,-0.000416663544398204,523108.7646484375,5875.282944378322,21.5576454471185,41.80000000000001,ok
523.957,41.877999999999986,523.94,0.016999999999939064,4.942441621167258,25.881516545841016,1.5443831132359642,-2.544981218171108e-09,-0.00010854077205592344,523108.7646484375,5884.001423789138,21.557645859113485,41.86000000000007,ok
